Bilet No;Parite;Sembol;Yön;Lot;Radar Skoru;Giriş Fiyatı;Giriş Zamanı (UTC);Çıkış Fiyatı;Çıkış Zamanı (UTC);Süre;Çıkış Nedeni;SL Seviyesi;TP Seviyesi;Kâr/Zarar (Pip);Net Getiri (USD);Bakiye Sonrası (USD);Sonuç
"MT5-1980426945";"GBPUSD";"GBPUSD";"SELL";"0.04";"-";"1.3195000000000001";"2026-10-01 20:24:18 UTC";"1.32073";"2026-10-01 20:30:39 UTC";"6 dk 21 sn";"🛑 Zarar Durdur (SL)";"-";"-";"-12.3";"-4.92";"-";"KAYIP (LOSS)"
"MT5-1980424738";"EURUSD";"EURUSD";"SELL";"0.04";"-";"1.1227";"2026-10-01 20:23:15 UTC";"1.12389";"2026-10-01 20:30:31 UTC";"7 dk 16 sn";"🛑 Zarar Durdur (SL)";"-";"-";"-11.9";"-4.76";"-";"KAYIP (LOSS)"
"MT5-1980252729";"AUDUSD";"AUDUSD";"SELL";"0.05";"-";"0.69152";"2026-10-01 19:15:11 UTC";"0.69273";"2026-10-01 20:30:05 UTC";"74 dk 54 sn";"🛑 Zarar Durdur (SL)";"-";"-";"-12.1";"-6.05";"-";"KAYIP (LOSS)"
"MT5-1980286866";"USDCAD";"USDCAD";"BUY";"0.05";"-";"1.42459";"2026-10-01 19:28:54 UTC";"1.42371";"2026-10-01 20:28:31 UTC";"59 dk 37 sn";"Scalper Close";"-";"-";"-8.8";"-3.09";"-";"KAYIP (LOSS)"
"MT5-1980252371";"GBPUSD";"GBPUSD";"SELL";"0.05";"-";"1.31959";"2026-10-01 19:15:05 UTC";"1.31954";"2026-10-01 20:24:12 UTC";"69 dk 7 sn";"🛑 Zarar Durdur (SL)";"-";"-";"+0.5";"+0.25";"-";"KAZANÇ (WIN)"
"MT5-1980408855";"EURUSD";"EURUSD";"SELL";"0.05";"-";"1.12151";"2026-10-01 20:18:07 UTC";"1.12271";"2026-10-01 20:23:10 UTC";"5 dk 3 sn";"🛑 Zarar Durdur (SL)";"-";"-";"-12.0";"-6.00";"-";"KAYIP (LOSS)"
"MT5-1980252712";"EURUSD";"EURUSD";"SELL";"0.05";"-";"1.12377";"2026-10-01 19:15:10 UTC";"1.12155";"2026-10-01 20:18:03 UTC";"62 dk 53 sn";"🎯 Kâr Al (TP)";"-";"-";"+22.2";"+11.10";"-";"KAZANÇ (WIN)"
"MT5-1980252601";"USDCHF";"USDCHF";"SELL";"0.05";"-";"0.8301";"2026-10-01 19:15:08 UTC";"0.83129";"2026-10-01 19:36:28 UTC";"21 dk 20 sn";"🛑 Zarar Durdur (SL)";"-";"-";"-11.9";"-7.16";"-";"KAYIP (LOSS)"
"MT5-1980268560";"USDJPY";"USDJPY";"SELL";"0.05";"-";"157.651";"2026-10-01 19:21:13 UTC";"157.769";"2026-10-01 19:36:16 UTC";"15 dk 3 sn";"🛑 Zarar Durdur (SL)";"-";"-";"-11.8";"-3.74";"-";"KAYIP (LOSS)"
"MT5-1979529650";"USDCAD";"USDCAD";"BUY";"0.04";"-";"1.42438";"2026-10-01 16:30:24 UTC";"1.42461";"2026-10-01 19:28:49 UTC";"178 dk 25 sn";"🛑 Zarar Durdur (SL)";"-";"-";"+2.3";"+0.65";"-";"KAZANÇ (WIN)"
"MT5-1980191025";"USDJPY";"USDJPY";"SELL";"0.05";"-";"157.66";"2026-10-01 18:57:07 UTC";"157.66";"2026-10-01 19:21:08 UTC";"24 dk 1 sn";"🛑 Zarar Durdur (SL)";"-";"-";"+0.0";"+0.00";"-";"KAZANÇ (WIN)"
"MT5-1980154348";"USDJPY";"USDJPY";"SELL";"0.05";"-";"157.549";"2026-10-01 18:48:36 UTC";"157.669";"2026-10-01 18:57:02 UTC";"8 dk 26 sn";"🛑 Zarar Durdur (SL)";"-";"-";"-12.0";"-3.81";"-";"KAYIP (LOSS)"
"MT5-1980080782";"USDJPY";"USDJPY";"SELL";"0.05";"-";"157.444";"2026-10-01 18:32:23 UTC";"157.564";"2026-10-01 18:48:32 UTC";"16 dk 9 sn";"🛑 Zarar Durdur (SL)";"-";"-";"-12.0";"-3.81";"-";"KAYIP (LOSS)"
"MT5-1980018573";"USDJPY";"USDJPY";"SELL";"0.05";"-";"157.66";"2026-10-01 18:18:05 UTC";"157.439";"2026-10-01 18:32:19 UTC";"14 dk 14 sn";"🎯 Kâr Al (TP)";"-";"-";"+22.1";"+7.02";"-";"KAZANÇ (WIN)"
"MT5-1979035632";"AUDUSD";"AUDUSD";"SELL";"0.04";"-";"0.69437";"2026-10-01 13:32:04 UTC";"0.69136";"2026-10-01 18:32:01 UTC";"299 dk 57 sn";"🎯 Kâr Al (TP)";"-";"-";"+30.1";"+12.04";"-";"KAZANÇ (WIN)"
"MT5-1979970440";"USDJPY";"USDJPY";"SELL";"0.05";"-";"157.888";"2026-10-01 18:05:46 UTC";"157.665";"2026-10-01 18:18:00 UTC";"12 dk 14 sn";"🎯 Kâr Al (TP)";"-";"-";"+22.3";"+7.07";"-";"KAZANÇ (WIN)"
"MT5-1979933132";"USDJPY";"USDJPY";"SELL";"0.05";"-";"157.754";"2026-10-01 17:58:41 UTC";"157.877";"2026-10-01 18:05:41 UTC";"7 dk 0 sn";"🛑 Zarar Durdur (SL)";"-";"-";"-12.3";"-3.90";"-";"KAYIP (LOSS)"
"MT5-1979918688";"USDJPY";"USDJPY";"SELL";"0.05";"-";"157.635";"2026-10-01 17:54:19 UTC";"157.754";"2026-10-01 17:58:37 UTC";"4 dk 18 sn";"🛑 Zarar Durdur (SL)";"-";"-";"-11.9";"-3.77";"-";"KAYIP (LOSS)"
"MT5-1979655492";"GBPUSD";"GBPUSD";"BUY";"0.04";"-";"1.32297";"2026-10-01 17:00:15 UTC";"1.32145";"2026-10-01 17:54:15 UTC";"54 dk 0 sn";"🛑 Zarar Durdur (SL)";"-";"-";"-15.2";"-6.08";"-";"KAYIP (LOSS)"
"MT5-1979669716";"USDJPY";"USDJPY";"BUY";"0.06";"-";"158.088";"2026-10-01 17:01:46 UTC";"157.924";"2026-10-01 17:27:00 UTC";"25 dk 14 sn";"🛑 Zarar Durdur (SL)";"-";"-";"-16.4";"-6.23";"-";"KAYIP (LOSS)"
"MT5-1979678120";"EURUSD";"EURUSD";"SELL";"0.04";"-";"1.12925";"2026-10-01 17:03:06 UTC";"1.12911";"2026-10-01 17:08:03 UTC";"4 dk 57 sn";"🛑 Zarar Durdur (SL)";"-";"-";"+1.4";"+0.56";"-";"KAZANÇ (WIN)"
"MT5-1979690551";"XAUUSD";"XAUUSD";"SELL";"0.01";"-";"4151.89";"2026-10-01 17:05:23 UTC";"4155.46";"2026-10-01 17:07:27 UTC";"2 dk 4 sn";"🛑 Zarar Durdur (SL)";"-";"-";"-35.7";"-3.57";"-";"KAYIP (LOSS)"
"MT5-1979683009";"XAUUSD";"XAUUSD";"BUY";"0.01";"-";"4155.91";"2026-10-01 17:04:03 UTC";"4152.19";"2026-10-01 17:05:19 UTC";"1 dk 16 sn";"🛑 Zarar Durdur (SL)";"-";"-";"-37.2";"-3.72";"-";"KAYIP (LOSS)"
"MT5-1979679645";"XAUUSD";"XAUUSD";"BUY";"0.01";"-";"4154.97";"2026-10-01 17:03:16 UTC";"4155.07";"2026-10-01 17:03:53 UTC";"37 sn";"🛑 Zarar Durdur (SL)";"-";"-";"+1.0";"+0.10";"-";"KAZANÇ (WIN)"
"MT5-1979670512";"EURUSD";"EURUSD";"BUY";"0.04";"-";"1.12917";"2026-10-01 17:01:50 UTC";"1.12921";"2026-10-01 17:03:01 UTC";"1 dk 11 sn";"🛑 Zarar Durdur (SL)";"-";"-";"+0.4";"+0.16";"-";"KAZANÇ (WIN)"
"MT5-1979670616";"XAUUSD";"XAUUSD";"SELL";"0.02";"-";"4155.07";"2026-10-01 17:01:51 UTC";"4159.15";"2026-10-01 17:02:42 UTC";"51 sn";"🛑 Zarar Durdur (SL)";"-";"-";"-40.8";"-8.16";"-";"KAYIP (LOSS)"
"MT5-1979660266";"XAUUSD";"XAUUSD";"SELL";"0.01";"-";"4160.63";"2026-10-01 17:00:51 UTC";"4155.45";"2026-10-01 17:01:46 UTC";"55 sn";"🎯 Kâr Al (TP)";"-";"-";"+51.8";"+5.18";"-";"KAZANÇ (WIN)"
"MT5-1979544788";"EURUSD";"EURUSD";"BUY";"0.04";"-";"1.12889";"2026-10-01 16:33:09 UTC";"1.1290499999999999";"2026-10-01 17:01:45 UTC";"28 dk 36 sn";"🛑 Zarar Durdur (SL)";"-";"-";"+1.6";"+0.64";"-";"KAZANÇ (WIN)"
"MT5-1979652606";"XAUUSD";"XAUUSD";"BUY";"0.01";"-";"4165.09";"2026-10-01 17:00:04 UTC";"4160.85";"2026-10-01 17:00:17 UTC";"13 sn";"🛑 Zarar Durdur (SL)";"-";"-";"-42.4";"-4.24";"-";"KAYIP (LOSS)"
"MT5-1979582269";"GBPUSD";"GBPUSD";"BUY";"0.04";"-";"1.32226";"2026-10-01 16:40:49 UTC";"1.3229";"2026-10-01 17:00:11 UTC";"19 dk 22 sn";"🛑 Zarar Durdur (SL)";"-";"-";"+6.4";"+2.56";"-";"KAZANÇ (WIN)"
"MT5-1979572635";"USDJPY";"USDJPY";"SELL";"0.06";"-";"157.956";"2026-10-01 16:39:19 UTC";"157.958";"2026-10-01 17:00:06 UTC";"20 dk 47 sn";"🛑 Zarar Durdur (SL)";"-";"-";"-0.2";"-0.08";"-";"KAYIP (LOSS)"
"MT5-1979632644";"XAUUSD";"XAUUSD";"BUY";"0.01";"-";"4164.39";"2026-10-01 16:54:29 UTC";"4165.38";"2026-10-01 17:00:00 UTC";"5 dk 31 sn";"🛑 Zarar Durdur (SL)";"-";"-";"+9.9";"+0.99";"-";"KAZANÇ (WIN)"
"MT5-1979622050";"XAUUSD";"XAUUSD";"BUY";"0.01";"-";"4163.23";"2026-10-01 16:50:38 UTC";"4163.85";"2026-10-01 16:53:25 UTC";"2 dk 47 sn";"🛑 Zarar Durdur (SL)";"-";"-";"+6.2";"+0.62";"-";"KAZANÇ (WIN)"
"MT5-1979617370";"XAUUSD";"XAUUSD";"SELL";"0.01";"-";"4163";"2026-10-01 16:49:22 UTC";"4163.01";"2026-10-01 16:50:35 UTC";"1 dk 13 sn";"🛑 Zarar Durdur (SL)";"-";"-";"-0.1";"-0.01";"-";"KAYIP (LOSS)"
"MT5-1979613457";"XAUUSD";"XAUUSD";"BUY";"0.01";"-";"4163.36";"2026-10-01 16:48:11 UTC";"4163.54";"2026-10-01 16:49:15 UTC";"1 dk 4 sn";"🛑 Zarar Durdur (SL)";"-";"-";"+1.8";"+0.18";"-";"KAZANÇ (WIN)"
"MT5-1979609550";"XAUUSD";"XAUUSD";"BUY";"0.01";"-";"4163.74";"2026-10-01 16:47:24 UTC";"4164.06";"2026-10-01 16:47:56 UTC";"32 sn";"🛑 Zarar Durdur (SL)";"-";"-";"+3.2";"+0.32";"-";"KAZANÇ (WIN)"
"MT5-1979595030";"XAUUSD";"XAUUSD";"BUY";"0.01";"-";"4160.87";"2026-10-01 16:43:54 UTC";"4161.73";"2026-10-01 16:44:30 UTC";"36 sn";"🛑 Zarar Durdur (SL)";"-";"-";"+8.6";"+0.86";"-";"KAZANÇ (WIN)"
"MT5-1979591516";"XAUUSD";"XAUUSD";"BUY";"0.01";"-";"4159.57";"2026-10-01 16:42:36 UTC";"4160.2";"2026-10-01 16:43:50 UTC";"1 dk 14 sn";"🛑 Zarar Durdur (SL)";"-";"-";"+6.3";"+0.63";"-";"KAZANÇ (WIN)"
"MT5-1979504336";"GBPUSD";"GBPUSD";"BUY";"0.04";"-";"1.32216";"2026-10-01 16:21:44 UTC";"1.32221";"2026-10-01 16:40:45 UTC";"19 dk 1 sn";"🛑 Zarar Durdur (SL)";"-";"-";"+0.5";"+0.20";"-";"KAZANÇ (WIN)"
"MT5-1979559230";"XAUUSD";"XAUUSD";"BUY";"0.02";"-";"4166.99";"2026-10-01 16:35:59 UTC";"4163.34";"2026-10-01 16:40:21 UTC";"4 dk 22 sn";"🛑 Zarar Durdur (SL)";"-";"-";"-36.5";"-7.30";"-";"KAYIP (LOSS)"
"MT5-1979521665";"USDJPY";"USDJPY";"SELL";"0.06";"-";"157.997";"2026-10-01 16:28:54 UTC";"157.942";"2026-10-01 16:39:16 UTC";"10 dk 22 sn";"🛑 Zarar Durdur (SL)";"-";"-";"+5.5";"+2.09";"-";"KAZANÇ (WIN)"
"MT5-1979553486";"XAUUSD";"XAUUSD";"SELL";"0.01";"-";"4168.96";"2026-10-01 16:34:50 UTC";"4167.63";"2026-10-01 16:35:55 UTC";"1 dk 5 sn";"🛑 Zarar Durdur (SL)";"-";"-";"+13.3";"+1.33";"-";"KAZANÇ (WIN)"
"MT5-1979550024";"XAUUSD";"XAUUSD";"SELL";"0.01";"-";"4170.19";"2026-10-01 16:34:05 UTC";"4170.28";"2026-10-01 16:34:15 UTC";"10 sn";"🛑 Zarar Durdur (SL)";"-";"-";"-0.9";"-0.09";"-";"KAYIP (LOSS)"
"MT5-1979536066";"XAUUSD";"XAUUSD";"BUY";"0.01";"-";"4169.31";"2026-10-01 16:31:44 UTC";"4170.79";"2026-10-01 16:33:58 UTC";"2 dk 14 sn";"🛑 Zarar Durdur (SL)";"-";"-";"+14.8";"+1.48";"-";"KAZANÇ (WIN)"
"MT5-1979346812";"EURUSD";"EURUSD";"SELL";"0.04";"-";"1.12934";"2026-10-01 15:30:27 UTC";"1.12889";"2026-10-01 16:33:05 UTC";"62 dk 38 sn";"🛑 Zarar Durdur (SL)";"-";"-";"+4.5";"+1.80";"-";"KAZANÇ (WIN)"
"MT5-1979531690";"XAUUSD";"XAUUSD";"BUY";"0.01";"-";"4167.6";"2026-10-01 16:30:58 UTC";"4169.51";"2026-10-01 16:31:32 UTC";"34 sn";"🛑 Zarar Durdur (SL)";"-";"-";"+19.1";"+1.91";"-";"KAZANÇ (WIN)"
"MT5-1979514387";"XAUUSD";"XAUUSD";"SELL";"0.01";"-";"4170.57";"2026-10-01 16:26:04 UTC";"4168.95";"2026-10-01 16:30:54 UTC";"4 dk 50 sn";"🛑 Zarar Durdur (SL)";"-";"-";"+16.2";"+1.62";"-";"KAZANÇ (WIN)"
"MT5-1979031820";"USDCAD";"USDCAD";"SELL";"0.04";"-";"1.4243299999999999";"2026-10-01 13:30:26 UTC";"1.42436";"2026-10-01 16:30:20 UTC";"179 dk 54 sn";"🛑 Zarar Durdur (SL)";"-";"-";"-0.3";"-0.08";"-";"KAYIP (LOSS)"
"MT5-1979504379";"USDJPY";"USDJPY";"BUY";"0.06";"-";"157.993";"2026-10-01 16:21:46 UTC";"157.998";"2026-10-01 16:28:50 UTC";"7 dk 4 sn";"🛑 Zarar Durdur (SL)";"-";"-";"+0.5";"+0.19";"-";"KAZANÇ (WIN)"
"MT5-1979505474";"XAUUSD";"XAUUSD";"BUY";"0.02";"-";"4174.07";"2026-10-01 16:22:22 UTC";"4170.23";"2026-10-01 16:26:00 UTC";"3 dk 38 sn";"🛑 Zarar Durdur (SL)";"-";"-";"-38.4";"-7.68";"-";"KAYIP (LOSS)"
"MT5-1979470445";"XAUUSD";"XAUUSD";"SELL";"0.02";"-";"4174.29";"2026-10-01 16:10:11 UTC";"4174.01";"2026-10-01 16:22:19 UTC";"12 dk 8 sn";"🛑 Zarar Durdur (SL)";"-";"-";"+2.8";"+0.56";"-";"KAZANÇ (WIN)"
"MT5-1979426524";"GBPUSD";"GBPUSD";"SELL";"0.04";"-";"1.32309";"2026-10-01 15:55:19 UTC";"1.32298";"2026-10-01 16:11:20 UTC";"16 dk 1 sn";"🛑 Zarar Durdur (SL)";"-";"-";"+1.1";"+0.44";"-";"KAZANÇ (WIN)"
"MT5-1979353834";"USDJPY";"USDJPY";"BUY";"0.06";"-";"157.963";"2026-10-01 15:31:42 UTC";"157.984";"2026-10-01 16:11:15 UTC";"39 dk 33 sn";"🛑 Zarar Durdur (SL)";"-";"-";"+2.1";"+0.80";"-";"KAZANÇ (WIN)"
"MT5-1979448484";"XAUUSD";"XAUUSD";"SELL";"0.01";"-";"4178.64";"2026-10-01 16:01:42 UTC";"4177.04";"2026-10-01 16:07:26 UTC";"5 dk 44 sn";"🛑 Zarar Durdur (SL)";"-";"-";"+16.0";"+1.60";"-";"KAZANÇ (WIN)"
"MT5-1979434522";"XAUUSD";"XAUUSD";"SELL";"0.01";"-";"4179.25";"2026-10-01 15:59:24 UTC";"4179.12";"2026-10-01 16:01:39 UTC";"2 dk 15 sn";"🛑 Zarar Durdur (SL)";"-";"-";"+1.3";"+0.13";"-";"KAZANÇ (WIN)"
"MT5-1979423686";"XAUUSD";"XAUUSD";"SELL";"0.01";"-";"4181.64";"2026-10-01 15:54:11 UTC";"4181.01";"2026-10-01 15:58:56 UTC";"4 dk 45 sn";"🛑 Zarar Durdur (SL)";"-";"-";"+6.3";"+0.63";"-";"KAZANÇ (WIN)"
"MT5-1979421359";"XAUUSD";"XAUUSD";"SELL";"0.01";"-";"4181.34";"2026-10-01 15:53:24 UTC";"4181.28";"2026-10-01 15:53:56 UTC";"32 sn";"🛑 Zarar Durdur (SL)";"-";"-";"+0.6";"+0.06";"-";"KAZANÇ (WIN)"
"MT5-1979336507";"GBPUSD";"GBPUSD";"SELL";"0.04";"-";"1.32322";"2026-10-01 15:26:20 UTC";"1.32318";"2026-10-01 15:53:21 UTC";"27 dk 1 sn";"🛑 Zarar Durdur (SL)";"-";"-";"+0.4";"+0.16";"-";"KAZANÇ (WIN)"
"MT5-1979414794";"XAUUSD";"XAUUSD";"BUY";"0.02";"-";"4184.57";"2026-10-01 15:51:09 UTC";"4180.99";"2026-10-01 15:53:20 UTC";"2 dk 11 sn";"🛑 Zarar Durdur (SL)";"-";"-";"-35.8";"-7.16";"-";"KAYIP (LOSS)"
"MT5-1979412213";"XAUUSD";"XAUUSD";"BUY";"0.02";"-";"4184.62";"2026-10-01 15:49:58 UTC";"4184.46";"2026-10-01 15:51:05 UTC";"1 dk 7 sn";"🛑 Zarar Durdur (SL)";"-";"-";"-1.6";"-0.32";"-";"KAYIP (LOSS)"
"MT5-1979410570";"XAUUSD";"XAUUSD";"BUY";"0.02";"-";"4184.37";"2026-10-01 15:49:11 UTC";"4184.3";"2026-10-01 15:49:44 UTC";"33 sn";"🛑 Zarar Durdur (SL)";"-";"-";"-0.7";"-0.14";"-";"KAYIP (LOSS)"
"MT5-1979407833";"XAUUSD";"XAUUSD";"BUY";"0.02";"-";"4183.72";"2026-10-01 15:48:18 UTC";"4184.26";"2026-10-01 15:49:05 UTC";"47 sn";"🛑 Zarar Durdur (SL)";"-";"-";"+5.4";"+1.08";"-";"KAZANÇ (WIN)"
"MT5-1979401795";"XAUUSD";"XAUUSD";"BUY";"0.02";"-";"4187.23";"2026-10-01 15:46:52 UTC";"4183.43";"2026-10-01 15:48:14 UTC";"1 dk 22 sn";"🛑 Zarar Durdur (SL)";"-";"-";"-38.0";"-7.60";"-";"KAYIP (LOSS)"
"MT5-1979396452";"XAUUSD";"XAUUSD";"SELL";"0.02";"-";"4183.66";"2026-10-01 15:45:10 UTC";"4187.55";"2026-10-01 15:46:48 UTC";"1 dk 38 sn";"🛑 Zarar Durdur (SL)";"-";"-";"-38.9";"-7.78";"-";"KAYIP (LOSS)"
"MT5-1979391708";"XAUUSD";"XAUUSD";"SELL";"0.02";"-";"4183.75";"2026-10-01 15:43:34 UTC";"4183.33";"2026-10-01 15:45:07 UTC";"1 dk 33 sn";"🛑 Zarar Durdur (SL)";"-";"-";"+4.2";"+0.84";"-";"KAZANÇ (WIN)"
"MT5-1979387281";"XAUUSD";"XAUUSD";"SELL";"0.02";"-";"4184.82";"2026-10-01 15:42:03 UTC";"4184.49";"2026-10-01 15:43:29 UTC";"1 dk 26 sn";"🛑 Zarar Durdur (SL)";"-";"-";"+3.3";"+0.66";"-";"KAZANÇ (WIN)"
"MT5-1979368461";"XAUUSD";"XAUUSD";"BUY";"0.02";"-";"4185.05";"2026-10-01 15:35:42 UTC";"4185.05";"2026-10-01 15:41:53 UTC";"6 dk 11 sn";"🛑 Zarar Durdur (SL)";"-";"-";"+0.0";"+0.00";"-";"KAZANÇ (WIN)"
"MT5-1979365554";"XAUUSD";"XAUUSD";"SELL";"0.02";"-";"4184.34";"2026-10-01 15:34:57 UTC";"4184.46";"2026-10-01 15:35:37 UTC";"40 sn";"🛑 Zarar Durdur (SL)";"-";"-";"-1.2";"-0.24";"-";"KAYIP (LOSS)"
"MT5-1979362813";"XAUUSD";"XAUUSD";"BUY";"0.02";"-";"4183.45";"2026-10-01 15:34:08 UTC";"4183.53";"2026-10-01 15:34:40 UTC";"32 sn";"🛑 Zarar Durdur (SL)";"-";"-";"+0.8";"+0.16";"-";"KAZANÇ (WIN)"
"MT5-1979359930";"XAUUSD";"XAUUSD";"BUY";"0.02";"-";"4183.3";"2026-10-01 15:33:15 UTC";"4182.91";"2026-10-01 15:33:55 UTC";"40 sn";"🛑 Zarar Durdur (SL)";"-";"-";"-3.9";"-0.78";"-";"KAYIP (LOSS)"
"MT5-1979351663";"XAUUSD";"XAUUSD";"SELL";"0.02";"-";"4182.39";"2026-10-01 15:31:14 UTC";"4182.91";"2026-10-01 15:33:11 UTC";"1 dk 57 sn";"🛑 Zarar Durdur (SL)";"-";"-";"-5.2";"-1.04";"-";"KAYIP (LOSS)"
"MT5-1979324196";"USDJPY";"USDJPY";"BUY";"0.06";"-";"157.969";"2026-10-01 15:21:42 UTC";"157.971";"2026-10-01 15:31:38 UTC";"9 dk 56 sn";"🛑 Zarar Durdur (SL)";"-";"-";"+0.2";"+0.08";"-";"KAZANÇ (WIN)"
"MT5-1979346960";"XAUUSD";"XAUUSD";"SELL";"0.02";"-";"4178.79";"2026-10-01 15:30:30 UTC";"4182.48";"2026-10-01 15:30:33 UTC";"3 sn";"🛑 Zarar Durdur (SL)";"-";"-";"-36.9";"-7.38";"-";"KAYIP (LOSS)"
"MT5-1979342287";"XAUUSD";"XAUUSD";"SELL";"0.02";"-";"4179.73";"2026-10-01 15:29:39 UTC";"4180";"2026-10-01 15:30:26 UTC";"47 sn";"🛑 Zarar Durdur (SL)";"-";"-";"-2.7";"-0.54";"-";"KAYIP (LOSS)"
"MT5-1979331035";"EURUSD";"EURUSD";"SELL";"0.04";"-";"1.1293199999999999";"2026-10-01 15:24:34 UTC";"1.12927";"2026-10-01 15:30:24 UTC";"5 dk 50 sn";"🛑 Zarar Durdur (SL)";"-";"-";"+0.5";"+0.20";"-";"KAZANÇ (WIN)"
"MT5-1979329107";"XAUUSD";"XAUUSD";"SELL";"0.02";"-";"4175.13";"2026-10-01 15:23:43 UTC";"4179.59";"2026-10-01 15:29:35 UTC";"5 dk 52 sn";"🛑 Zarar Durdur (SL)";"-";"-";"-44.6";"-8.92";"-";"KAYIP (LOSS)"
"MT5-1979315391";"GBPUSD";"GBPUSD";"SELL";"0.04";"-";"1.32333";"2026-10-01 15:18:19 UTC";"1.32329";"2026-10-01 15:26:16 UTC";"7 dk 57 sn";"🛑 Zarar Durdur (SL)";"-";"-";"+0.4";"+0.16";"-";"KAZANÇ (WIN)"
"MT5-1979040467";"EURUSD";"EURUSD";"BUY";"0.04";"-";"1.12919";"2026-10-01 13:34:40 UTC";"1.12931";"2026-10-01 15:24:27 UTC";"109 dk 47 sn";"🛑 Zarar Durdur (SL)";"-";"-";"+1.2";"+0.48";"-";"KAZANÇ (WIN)"
"MT5-1979324727";"XAUUSD";"XAUUSD";"BUY";"0.02";"-";"4179.47";"2026-10-01 15:21:50 UTC";"4175.65";"2026-10-01 15:23:39 UTC";"1 dk 49 sn";"🛑 Zarar Durdur (SL)";"-";"-";"-38.2";"-7.64";"-";"KAYIP (LOSS)"
"MT5-1979039805";"NZDUSD";"NZDUSD";"BUY";"0.04";"-";"0.56132";"2026-10-01 13:34:16 UTC";"0.56136";"2026-10-01 15:23:17 UTC";"109 dk 1 sn";"🛑 Zarar Durdur (SL)";"-";"-";"+0.4";"+0.16";"-";"KAZANÇ (WIN)"
"MT5-1979320747";"XAUUSD";"XAUUSD";"SELL";"0.02";"-";"4180.08";"2026-10-01 15:20:16 UTC";"4178.51";"2026-10-01 15:21:46 UTC";"1 dk 30 sn";"🛑 Zarar Durdur (SL)";"-";"-";"+15.7";"+3.14";"-";"KAZANÇ (WIN)"
"MT5-1979299473";"USDJPY";"USDJPY";"SELL";"0.06";"-";"157.979";"2026-10-01 15:10:08 UTC";"157.982";"2026-10-01 15:21:38 UTC";"11 dk 30 sn";"🛑 Zarar Durdur (SL)";"-";"-";"-0.3";"-0.11";"-";"KAYIP (LOSS)"
"MT5-1979316777";"XAUUSD";"XAUUSD";"SELL";"0.02";"-";"4179.55";"2026-10-01 15:18:34 UTC";"4179.41";"2026-10-01 15:20:11 UTC";"1 dk 37 sn";"🛑 Zarar Durdur (SL)";"-";"-";"+1.4";"+0.28";"-";"KAZANÇ (WIN)"
"MT5-1979308864";"XAUUSD";"XAUUSD";"SELL";"0.02";"-";"4176.11";"2026-10-01 15:15:30 UTC";"4179.95";"2026-10-01 15:18:29 UTC";"2 dk 59 sn";"🛑 Zarar Durdur (SL)";"-";"-";"-38.4";"-7.68";"-";"KAYIP (LOSS)"
"MT5-1979299483";"GBPUSD";"GBPUSD";"SELL";"0.04";"-";"1.32338";"2026-10-01 15:10:08 UTC";"1.32336";"2026-10-01 15:18:15 UTC";"8 dk 7 sn";"🛑 Zarar Durdur (SL)";"-";"-";"+0.2";"+0.08";"-";"KAZANÇ (WIN)"
"MT5-1979299357";"XAUUSD";"XAUUSD";"SELL";"0.02";"-";"4176.88";"2026-10-01 15:10:05 UTC";"4176.54";"2026-10-01 15:15:23 UTC";"5 dk 18 sn";"🛑 Zarar Durdur (SL)";"-";"-";"+3.4";"+0.68";"-";"KAZANÇ (WIN)"
"MT5-1979132153";"USDJPY";"USDJPY";"SELL";"0.06";"-";"158.112";"2026-10-01 14:05:20 UTC";"157.908";"2026-10-01 14:48:06 UTC";"42 dk 46 sn";"🎯 Kâr Al (TP)";"-";"-";"+20.4";"+7.75";"-";"KAZANÇ (WIN)"
"MT5-1979118982";"GBPUSD";"GBPUSD";"SELL";"0.04";"-";"1.32246";"2026-10-01 14:00:33 UTC";"1.32208";"2026-10-01 14:36:19 UTC";"35 dk 46 sn";"🛑 Zarar Durdur (SL)";"-";"-";"+3.8";"+1.52";"-";"KAZANÇ (WIN)"
"MT5-1979054382";"USDCHF";"USDCHF";"SELL";"0.04";"-";"0.83581";"2026-10-01 13:38:36 UTC";"0.83578";"2026-10-01 14:26:46 UTC";"48 dk 10 sn";"🛑 Zarar Durdur (SL)";"-";"-";"+0.3";"+0.14";"-";"KAZANÇ (WIN)"
"MT5-1979169617";"XAUUSD";"XAUUSD";"BUY";"0.02";"-";"4169.21";"2026-10-01 14:22:28 UTC";"4169.19";"2026-10-01 14:22:54 UTC";"26 sn";"🛑 Zarar Durdur (SL)";"-";"-";"-0.2";"-0.04";"-";"KAYIP (LOSS)"
"MT5-1979157188";"XAUUSD";"XAUUSD";"BUY";"0.02";"-";"4168.28";"2026-10-01 14:16:09 UTC";"4168.49";"2026-10-01 14:22:25 UTC";"6 dk 16 sn";"🛑 Zarar Durdur (SL)";"-";"-";"+2.1";"+0.42";"-";"KAZANÇ (WIN)"
"MT5-1979144929";"XAUUSD";"XAUUSD";"BUY";"0.02";"-";"4171.95";"2026-10-01 14:11:18 UTC";"4167.89";"2026-10-01 14:15:35 UTC";"4 dk 17 sn";"🛑 Zarar Durdur (SL)";"-";"-";"-40.6";"-8.12";"-";"KAYIP (LOSS)"
"MT5-1979138842";"XAUUSD";"XAUUSD";"SELL";"0.02";"-";"4172.61";"2026-10-01 14:08:05 UTC";"4172.16";"2026-10-01 14:11:15 UTC";"3 dk 10 sn";"🛑 Zarar Durdur (SL)";"-";"-";"+4.5";"+0.90";"-";"KAZANÇ (WIN)"
"MT5-1979126249";"XAUUSD";"XAUUSD";"SELL";"0.02";"-";"4175.65";"2026-10-01 14:02:19 UTC";"4173.14";"2026-10-01 14:08:02 UTC";"5 dk 43 sn";"🛑 Zarar Durdur (SL)";"-";"-";"+25.1";"+5.02";"-";"KAZANÇ (WIN)"
"MT5-1979110835";"USDJPY";"USDJPY";"SELL";"0.06";"-";"158.13";"2026-10-01 13:58:46 UTC";"158.118";"2026-10-01 14:05:16 UTC";"6 dk 30 sn";"🛑 Zarar Durdur (SL)";"-";"-";"+1.2";"+0.46";"-";"KAZANÇ (WIN)"
"MT5-1979109058";"XAUUSD";"XAUUSD";"SELL";"0.02";"-";"4175.4";"2026-10-01 13:57:38 UTC";"4174.65";"2026-10-01 14:02:09 UTC";"4 dk 31 sn";"🛑 Zarar Durdur (SL)";"-";"-";"+7.5";"+1.50";"-";"KAZANÇ (WIN)"
"MT5-1979054800";"GBPUSD";"GBPUSD";"BUY";"0.04";"-";"1.32192";"2026-10-01 13:38:51 UTC";"1.32196";"2026-10-01 13:45:00 UTC";"6 dk 9 sn";"🛑 Zarar Durdur (SL)";"-";"-";"+0.4";"+0.16";"-";"KAZANÇ (WIN)"
"MT5-1979055662";"XAUUSD";"XAUUSD";"SELL";"0.04";"-";"4169.36";"2026-10-01 13:39:09 UTC";"4168.99";"2026-10-01 13:39:17 UTC";"8 sn";"🎯 Kâr Al (TP)";"-";"-";"+3.7";"+1.48";"-";"KAZANÇ (WIN)"
"MT5-1979053866";"XAUUSD";"XAUUSD";"BUY";"0.04";"-";"4169.25";"2026-10-01 13:38:16 UTC";"4169.61";"2026-10-01 13:38:17 UTC";"1 sn";"🎯 Kâr Al (TP)";"-";"-";"+3.6";"+1.44";"-";"KAZANÇ (WIN)"
"MT5-1979052137";"XAUUSD";"XAUUSD";"BUY";"0.04";"-";"4170.89";"2026-10-01 13:37:26 UTC";"4171.01";"2026-10-01 13:37:36 UTC";"10 sn";"🛑 Zarar Durdur (SL)";"-";"-";"+1.2";"+0.48";"-";"KAZANÇ (WIN)"
"MT5-1979047289";"XAUUSD";"XAUUSD";"BUY";"0.04";"-";"4171.7";"2026-10-01 13:35:47 UTC";"4171.54";"2026-10-01 13:35:52 UTC";"5 sn";"🛑 Zarar Durdur (SL)";"-";"-";"-1.6";"-0.64";"-";"KAYIP (LOSS)"
"MT5-1979043158";"XAUUSD";"XAUUSD";"BUY";"0.04";"-";"4170.93";"2026-10-01 13:35:01 UTC";"4170.7";"2026-10-01 13:35:06 UTC";"5 sn";"🛑 Zarar Durdur (SL)";"-";"-";"-2.3";"-0.92";"-";"KAYIP (LOSS)"
"MT5-1979039700";"XAUUSD";"XAUUSD";"SELL";"0.04";"-";"4168.14";"2026-10-01 13:34:11 UTC";"4167.86";"2026-10-01 13:34:15 UTC";"4 sn";"🎯 Kâr Al (TP)";"-";"-";"+2.8";"+1.12";"-";"KAZANÇ (WIN)"
"MT5-1976266922";"AUDUSD";"AUDUSD";"SELL";"0.03";"-";"0.69574";"2026-09-30 16:50:03 UTC";"0.69375";"2026-10-01 10:31:23 UTC";"1061 dk 20 sn";"🎯 Kâr Al (TP)";"-";"-";"+19.9";"+5.97";"-";"KAZANÇ (WIN)"
"MT5-1976297139";"USDCHF";"USDCHF";"SELL";"0.03";"-";"0.83436";"2026-09-30 16:58:48 UTC";"0.83636";"2026-10-01 00:20:00 UTC";"441 dk 12 sn";"🛑 Zarar Durdur (SL)";"-";"-";"-20.0";"-7.17";"-";"KAYIP (LOSS)"
"MT5-1976357394";"EURUSD";"EURUSD";"BUY";"0.03";"-";"1.13581";"2026-09-30 17:11:02 UTC";"1.13381";"2026-09-30 19:04:25 UTC";"113 dk 23 sn";"🛑 Zarar Durdur (SL)";"-";"-";"-20.0";"-6.00";"-";"KAYIP (LOSS)"
"MT5-1976250201";"USDJPY";"USDJPY";"BUY";"0.05";"-";"156.894";"2026-09-30 16:46:41 UTC";"157.106";"2026-09-30 17:56:00 UTC";"69 dk 19 sn";"🎯 Kâr Al (TP)";"-";"-";"+21.2";"+6.75";"-";"KAZANÇ (WIN)"
"MT5-1976300541";"USDCAD";"USDCAD";"BUY";"0.03";"-";"1.41842";"2026-09-30 16:59:58 UTC";"1.41845";"2026-09-30 17:48:21 UTC";"48 dk 23 sn";"🛑 Zarar Durdur (SL)";"-";"-";"+0.3";"+0.06";"-";"KAZANÇ (WIN)"
"MT5-1976253777";"NZDUSD";"NZDUSD";"SELL";"0.03";"-";"0.56453";"2026-09-30 16:47:36 UTC";"0.56448";"2026-09-30 17:45:12 UTC";"57 dk 36 sn";"🛑 Zarar Durdur (SL)";"-";"-";"+0.5";"+0.15";"-";"KAZANÇ (WIN)"
"MT5-1976345765";"GBPUSD";"GBPUSD";"SELL";"0.03";"-";"1.32883";"2026-09-30 17:08:22 UTC";"1.32855";"2026-09-30 17:42:52 UTC";"34 dk 30 sn";"🛑 Zarar Durdur (SL)";"-";"-";"+2.8";"+0.84";"-";"KAZANÇ (WIN)"
"MT5-1976425279";"XAUUSD";"XAUUSD";"SELL";"0.03";"-";"4171";"2026-09-30 17:28:22 UTC";"4170.77";"2026-09-30 17:28:22 UTC";"1 sn";"🎯 Kâr Al (TP)";"-";"-";"+2.3";"+0.69";"-";"KAZANÇ (WIN)"
"MT5-1976423546";"XAUUSD";"XAUUSD";"SELL";"0.03";"-";"4171.36";"2026-09-30 17:27:36 UTC";"4171.67";"2026-09-30 17:27:38 UTC";"2 sn";"🛑 Zarar Durdur (SL)";"-";"-";"-3.1";"-0.93";"-";"KAYIP (LOSS)"
"MT5-1976420884";"XAUUSD";"XAUUSD";"BUY";"0.03";"-";"4172.08";"2026-09-30 17:26:50 UTC";"4171.89";"2026-09-30 17:26:51 UTC";"1 sn";"🛑 Zarar Durdur (SL)";"-";"-";"-1.9";"-0.57";"-";"KAYIP (LOSS)"
"MT5-1976418450";"XAUUSD";"XAUUSD";"SELL";"0.03";"-";"4171.81";"2026-09-30 17:26:04 UTC";"4172.15";"2026-09-30 17:26:07 UTC";"3 sn";"🛑 Zarar Durdur (SL)";"-";"-";"-3.4";"-1.02";"-";"KAYIP (LOSS)"
"MT5-1976412761";"XAUUSD";"XAUUSD";"SELL";"0.03";"-";"4172.81";"2026-09-30 17:25:20 UTC";"4172.51";"2026-09-30 17:25:20 UTC";"1 sn";"🎯 Kâr Al (TP)";"-";"-";"+3.0";"+0.90";"-";"KAZANÇ (WIN)"
"MT5-1976409729";"XAUUSD";"XAUUSD";"SELL";"0.03";"-";"4173.85";"2026-09-30 17:24:34 UTC";"4174.19";"2026-09-30 17:24:36 UTC";"2 sn";"🛑 Zarar Durdur (SL)";"-";"-";"-3.4";"-1.02";"-";"KAYIP (LOSS)"
"MT5-1976407550";"XAUUSD";"XAUUSD";"SELL";"0.03";"-";"4175.91";"2026-09-30 17:23:47 UTC";"4175.82";"2026-09-30 17:23:49 UTC";"2 sn";"🎯 Kâr Al (TP)";"-";"-";"+0.9";"+0.27";"-";"KAZANÇ (WIN)"
"MT5-1976403543";"XAUUSD";"XAUUSD";"BUY";"0.03";"-";"4174.57";"2026-09-30 17:23:01 UTC";"4174.51";"2026-09-30 17:23:01 UTC";"1 sn";"🛑 Zarar Durdur (SL)";"-";"-";"-0.6";"-0.18";"-";"KAYIP (LOSS)"
"MT5-1976398857";"XAUUSD";"XAUUSD";"BUY";"0.03";"-";"4175.85";"2026-09-30 17:22:16 UTC";"4175.63";"2026-09-30 17:22:20 UTC";"4 sn";"🛑 Zarar Durdur (SL)";"-";"-";"-2.2";"-0.66";"-";"KAYIP (LOSS)"
"MT5-1976396262";"XAUUSD";"XAUUSD";"SELL";"0.03";"-";"4179.94";"2026-09-30 17:21:31 UTC";"4180.01";"2026-09-30 17:21:31 UTC";"1 sn";"🛑 Zarar Durdur (SL)";"-";"-";"-0.7";"-0.21";"-";"KAYIP (LOSS)"
"MT5-1976393554";"XAUUSD";"XAUUSD";"SELL";"0.03";"-";"4179";"2026-09-30 17:20:44 UTC";"4178.55";"2026-09-30 17:20:47 UTC";"3 sn";"🎯 Kâr Al (TP)";"-";"-";"+4.5";"+1.35";"-";"KAZANÇ (WIN)"
"MT5-1976389870";"XAUUSD";"XAUUSD";"SELL";"0.03";"-";"4177.24";"2026-09-30 17:19:57 UTC";"4177.48";"2026-09-30 17:20:01 UTC";"4 sn";"🛑 Zarar Durdur (SL)";"-";"-";"-2.4";"-0.72";"-";"KAYIP (LOSS)"
"MT5-1976384723";"XAUUSD";"XAUUSD";"SELL";"0.03";"-";"4177.12";"2026-09-30 17:19:04 UTC";"4177.19";"2026-09-30 17:19:07 UTC";"3 sn";"🛑 Zarar Durdur (SL)";"-";"-";"-0.7";"-0.21";"-";"KAYIP (LOSS)"
"MT5-1976381510";"XAUUSD";"XAUUSD";"BUY";"0.03";"-";"4180.6";"2026-09-30 17:18:06 UTC";"4180.15";"2026-09-30 17:18:07 UTC";"1 sn";"🛑 Zarar Durdur (SL)";"-";"-";"-4.5";"-1.35";"-";"KAYIP (LOSS)"
"MT5-1976377386";"XAUUSD";"XAUUSD";"SELL";"0.03";"-";"4179.64";"2026-09-30 17:16:49 UTC";"4179.48";"2026-09-30 17:16:49 UTC";"1 sn";"🎯 Kâr Al (TP)";"-";"-";"+1.6";"+0.48";"-";"KAZANÇ (WIN)"
"MT5-1976375504";"XAUUSD";"XAUUSD";"SELL";"0.03";"-";"4181.46";"2026-09-30 17:16:03 UTC";"4181.75";"2026-09-30 17:16:04 UTC";"1 sn";"🛑 Zarar Durdur (SL)";"-";"-";"-2.9";"-0.87";"-";"KAYIP (LOSS)"
"MT5-1976373029";"XAUUSD";"XAUUSD";"SELL";"0.03";"-";"4182.03";"2026-09-30 17:15:17 UTC";"4182.42";"2026-09-30 17:15:18 UTC";"1 sn";"🎯 Kâr Al (TP)";"-";"-";"-3.9";"-1.17";"-";"KAYIP (LOSS)"
"MT5-1976368969";"XAUUSD";"XAUUSD";"BUY";"0.03";"-";"4181.7";"2026-09-30 17:14:32 UTC";"4182.28";"2026-09-30 17:14:33 UTC";"1 sn";"🎯 Kâr Al (TP)";"-";"-";"+5.8";"+1.74";"-";"KAZANÇ (WIN)"
"MT5-1976367011";"XAUUSD";"XAUUSD";"BUY";"0.03";"-";"4181.11";"2026-09-30 17:13:46 UTC";"4180.84";"2026-09-30 17:13:47 UTC";"1 sn";"🛑 Zarar Durdur (SL)";"-";"-";"-2.7";"-0.81";"-";"KAYIP (LOSS)"
"MT5-1976361220";"XAUUSD";"XAUUSD";"SELL";"0.03";"-";"4179.83";"2026-09-30 17:12:15 UTC";"4179.99";"2026-09-30 17:12:15 UTC";"1 sn";"🛑 Zarar Durdur (SL)";"-";"-";"-1.6";"-0.48";"-";"KAYIP (LOSS)"
"MT5-1976359053";"XAUUSD";"XAUUSD";"BUY";"0.03";"-";"4179.66";"2026-09-30 17:11:30 UTC";"4178.97";"2026-09-30 17:11:32 UTC";"2 sn";"🛑 Zarar Durdur (SL)";"-";"-";"-6.9";"-2.07";"-";"KAYIP (LOSS)"
"MT5-1976290905";"EURUSD";"EURUSD";"BUY";"0.03";"-";"1.13575";"2026-09-30 16:56:38 UTC";"1.1358";"2026-09-30 17:10:59 UTC";"14 dk 21 sn";"🛑 Zarar Durdur (SL)";"-";"-";"+0.5";"+0.15";"-";"KAZANÇ (WIN)"
"MT5-1976356141";"XAUUSD";"XAUUSD";"BUY";"0.03";"-";"4181.01";"2026-09-30 17:10:44 UTC";"4180.55";"2026-09-30 17:10:47 UTC";"3 sn";"🛑 Zarar Durdur (SL)";"-";"-";"-4.6";"-1.38";"-";"KAYIP (LOSS)"
"MT5-1976352504";"XAUUSD";"XAUUSD";"BUY";"0.03";"-";"4181.7";"2026-09-30 17:09:59 UTC";"4182.18";"2026-09-30 17:10:00 UTC";"1 sn";"🎯 Kâr Al (TP)";"-";"-";"+4.8";"+1.44";"-";"KAZANÇ (WIN)"
"MT5-1976348792";"XAUUSD";"XAUUSD";"BUY";"0.03";"-";"4178.36";"2026-09-30 17:09:13 UTC";"4178.11";"2026-09-30 17:09:16 UTC";"3 sn";"🛑 Zarar Durdur (SL)";"-";"-";"-2.5";"-0.75";"-";"KAYIP (LOSS)"
"MT5-1976346220";"XAUUSD";"XAUUSD";"BUY";"0.03";"-";"4176.36";"2026-09-30 17:08:28 UTC";"4176.63";"2026-09-30 17:08:30 UTC";"2 sn";"🎯 Kâr Al (TP)";"-";"-";"+2.7";"+0.81";"-";"KAZANÇ (WIN)"
"MT5-1976258624";"GBPUSD";"GBPUSD";"BUY";"0.03";"-";"1.32883";"2026-09-30 16:48:40 UTC";"1.32889";"2026-09-30 17:08:18 UTC";"19 dk 38 sn";"🛑 Zarar Durdur (SL)";"-";"-";"+0.6";"+0.18";"-";"KAZANÇ (WIN)"
"MT5-1976342087";"XAUUSD";"XAUUSD";"SELL";"0.03";"-";"4181.09";"2026-09-30 17:07:41 UTC";"4180.67";"2026-09-30 17:07:42 UTC";"1 sn";"🎯 Kâr Al (TP)";"-";"-";"+4.2";"+1.26";"-";"KAZANÇ (WIN)"
"MT5-1976339381";"XAUUSD";"XAUUSD";"SELL";"0.03";"-";"4181.46";"2026-09-30 17:06:54 UTC";"4181.54";"2026-09-30 17:06:55 UTC";"1 sn";"🎯 Kâr Al (TP)";"-";"-";"-0.8";"-0.24";"-";"KAYIP (LOSS)"
"MT5-1976335631";"XAUUSD";"XAUUSD";"BUY";"0.03";"-";"4182.46";"2026-09-30 17:06:10 UTC";"4182.06";"2026-09-30 17:06:10 UTC";"1 sn";"🛑 Zarar Durdur (SL)";"-";"-";"-4.0";"-1.20";"-";"KAYIP (LOSS)"
"MT5-1976331645";"XAUUSD";"XAUUSD";"BUY";"0.03";"-";"4180.42";"2026-09-30 17:05:24 UTC";"4180.37";"2026-09-30 17:05:25 UTC";"1 sn";"🛑 Zarar Durdur (SL)";"-";"-";"-0.5";"-0.15";"-";"KAYIP (LOSS)"
"MT5-1976328200";"XAUUSD";"XAUUSD";"BUY";"0.03";"-";"4179.12";"2026-09-30 17:04:37 UTC";"4178.55";"2026-09-30 17:04:38 UTC";"1 sn";"🛑 Zarar Durdur (SL)";"-";"-";"-5.7";"-1.71";"-";"KAYIP (LOSS)"
"MT5-1976325228";"XAUUSD";"XAUUSD";"BUY";"0.03";"-";"4177.97";"2026-09-30 17:03:48 UTC";"4178.44";"2026-09-30 17:03:49 UTC";"1 sn";"🎯 Kâr Al (TP)";"-";"-";"+4.7";"+1.41";"-";"KAZANÇ (WIN)"
"MT5-1976313091";"XAUUSD";"XAUUSD";"SELL";"0.03";"-";"4174.94";"2026-09-30 17:01:32 UTC";"4174.43";"2026-09-30 17:01:32 UTC";"1 sn";"🎯 Kâr Al (TP)";"-";"-";"+5.1";"+1.53";"-";"KAZANÇ (WIN)"
"MT5-1976310404";"XAUUSD";"XAUUSD";"SELL";"0.03";"-";"4176.46";"2026-09-30 17:00:47 UTC";"4176.85";"2026-09-30 17:00:51 UTC";"4 sn";"🛑 Zarar Durdur (SL)";"-";"-";"-3.9";"-1.17";"-";"KAYIP (LOSS)"
"MT5-1976302118";"XAUUSD";"XAUUSD";"BUY";"0.03";"-";"4177.23";"2026-09-30 17:00:00 UTC";"4177.08";"2026-09-30 17:00:01 UTC";"1 sn";"🛑 Zarar Durdur (SL)";"-";"-";"-1.5";"-0.45";"-";"KAYIP (LOSS)"
"MT5-1976298245";"XAUUSD";"XAUUSD";"BUY";"0.03";"-";"4178.1";"2026-09-30 16:59:15 UTC";"4177.94";"2026-09-30 16:59:16 UTC";"1 sn";"🛑 Zarar Durdur (SL)";"-";"-";"-1.6";"-0.48";"-";"KAYIP (LOSS)"
"MT5-1976249431";"USDCHF";"USDCHF";"SELL";"0.03";"-";"0.83445";"2026-09-30 16:46:36 UTC";"0.83438";"2026-09-30 16:58:41 UTC";"12 dk 5 sn";"🛑 Zarar Durdur (SL)";"-";"-";"+0.7";"+0.25";"-";"KAZANÇ (WIN)"
"MT5-1976292011";"XAUUSD";"XAUUSD";"SELL";"0.03";"-";"4179.94";"2026-09-30 16:57:03 UTC";"4180.23";"2026-09-30 16:57:05 UTC";"2 sn";"🛑 Zarar Durdur (SL)";"-";"-";"-2.9";"-0.87";"-";"KAYIP (LOSS)"
"MT5-1976289376";"XAUUSD";"XAUUSD";"SELL";"0.03";"-";"4181.52";"2026-09-30 16:56:18 UTC";"4181.01";"2026-09-30 16:56:18 UTC";"1 sn";"🎯 Kâr Al (TP)";"-";"-";"+5.1";"+1.53";"-";"KAZANÇ (WIN)"
"MT5-1976286829";"XAUUSD";"XAUUSD";"BUY";"0.03";"-";"4183.04";"2026-09-30 16:55:31 UTC";"4183.24";"2026-09-30 16:55:32 UTC";"1 sn";"🎯 Kâr Al (TP)";"-";"-";"+2.0";"+0.60";"-";"KAZANÇ (WIN)"
"MT5-1976283937";"XAUUSD";"XAUUSD";"SELL";"0.03";"-";"4182.45";"2026-09-30 16:54:46 UTC";"4182.66";"2026-09-30 16:54:48 UTC";"2 sn";"🛑 Zarar Durdur (SL)";"-";"-";"-2.1";"-0.63";"-";"KAYIP (LOSS)"
"MT5-1976264209";"USDCAD";"USDCAD";"BUY";"0.03";"-";"1.41802";"2026-09-30 16:49:36 UTC";"1.41809";"2026-09-30 16:54:44 UTC";"5 dk 8 sn";"🛑 Zarar Durdur (SL)";"-";"-";"+0.7";"+0.15";"-";"KAZANÇ (WIN)"
"MT5-1976281154";"XAUUSD";"XAUUSD";"SELL";"0.03";"-";"4181.95";"2026-09-30 16:53:54 UTC";"4181.41";"2026-09-30 16:53:57 UTC";"3 sn";"🎯 Kâr Al (TP)";"-";"-";"+5.4";"+1.62";"-";"KAZANÇ (WIN)"
"MT5-1976278859";"XAUUSD";"XAUUSD";"BUY";"0.03";"-";"4178.68";"2026-09-30 16:53:08 UTC";"4178.55";"2026-09-30 16:53:08 UTC";"1 sn";"🛑 Zarar Durdur (SL)";"-";"-";"-1.3";"-0.39";"-";"KAYIP (LOSS)"
"MT5-1976267283";"XAUUSD";"XAUUSD";"SELL";"0.03";"-";"4180.76";"2026-09-30 16:50:07 UTC";"4180.82";"2026-09-30 16:50:07 UTC";"1 sn";"🛑 Zarar Durdur (SL)";"-";"-";"-0.6";"-0.18";"-";"KAYIP (LOSS)"
"MT5-1976258449";"XAUUSD";"XAUUSD";"SELL";"0.03";"-";"4182.63";"2026-09-30 16:48:36 UTC";"4182.86";"2026-09-30 16:48:37 UTC";"1 sn";"🛑 Zarar Durdur (SL)";"-";"-";"-2.3";"-0.69";"-";"KAYIP (LOSS)"
"MT5-1976254419";"XAUUSD";"XAUUSD";"BUY";"0.03";"-";"4181.17";"2026-09-30 16:47:51 UTC";"4182.21";"2026-09-30 16:47:51 UTC";"1 sn";"🎯 Kâr Al (TP)";"-";"-";"+10.4";"+3.12";"-";"KAZANÇ (WIN)"
"MT5-1976252212";"XAUUSD";"XAUUSD";"BUY";"0.03";"-";"4180.78";"2026-09-30 16:47:07 UTC";"4180.86";"2026-09-30 16:47:08 UTC";"1 sn";"🎯 Kâr Al (TP)";"-";"-";"+0.8";"+0.24";"-";"KAZANÇ (WIN)"
"MT5-1976094720";"AUDUSD";"AUDUSD";"BUY";"0.04";"-";"0.69652";"2026-09-30 16:10:24 UTC";"0.69649";"2026-09-30 16:27:30 UTC";"17 dk 6 sn";"Scalper Close";"-";"-";"-0.3";"-0.12";"-";"KAYIP (LOSS)"
"MT5-1976092183";"EURUSD";"EURUSD";"BUY";"0.04";"-";"1.13606";"2026-09-30 16:09:42 UTC";"1.13635";"2026-09-30 16:27:29 UTC";"17 dk 47 sn";"Scalper Close";"-";"-";"+2.9";"+1.16";"-";"KAZANÇ (WIN)"
"MT5-1975990667";"NZDUSD";"NZDUSD";"BUY";"0.04";"-";"0.56585";"2026-09-30 15:45:58 UTC";"0.56508";"2026-09-30 16:27:29 UTC";"41 dk 31 sn";"Scalper Close";"-";"-";"-7.7";"-3.08";"-";"KAYIP (LOSS)"
"MT5-1975982638";"GBPUSD";"GBPUSD";"BUY";"0.04";"-";"1.33016";"2026-09-30 15:44:53 UTC";"1.32932";"2026-09-30 16:27:28 UTC";"42 dk 35 sn";"Scalper Close";"-";"-";"-8.4";"-3.36";"-";"KAYIP (LOSS)"
"MT5-1976032457";"USDCAD";"USDCAD";"BUY";"0.04";"-";"1.41703";"2026-09-30 15:55:53 UTC";"1.41708";"2026-09-30 16:15:57 UTC";"20 dk 4 sn";"🛑 Zarar Durdur (SL)";"-";"-";"+0.5";"+0.14";"-";"KAZANÇ (WIN)"
"MT5-1976083939";"USDJPY";"USDJPY";"BUY";"0.06";"-";"156.78";"2026-09-30 16:07:39 UTC";"156.785";"2026-09-30 16:15:21 UTC";"7 dk 42 sn";"🛑 Zarar Durdur (SL)";"-";"-";"+0.5";"+0.19";"-";"KAZANÇ (WIN)"
"MT5-1976099409";"XAUUSD";"XAUUSD";"SELL";"0.04";"-";"4205.36";"2026-09-30 16:11:23 UTC";"4205.29";"2026-09-30 16:11:23 UTC";"1 sn";"🛑 Zarar Durdur (SL)";"-";"-";"+0.7";"+0.28";"-";"KAZANÇ (WIN)"
"MT5-1976094384";"XAUUSD";"XAUUSD";"SELL";"0.04";"-";"4206";"2026-09-30 16:10:20 UTC";"4205.65";"2026-09-30 16:10:23 UTC";"3 sn";"🎯 Kâr Al (TP)";"-";"-";"+3.5";"+1.40";"-";"KAZANÇ (WIN)"
"MT5-1976091263";"XAUUSD";"XAUUSD";"BUY";"0.04";"-";"4207.53";"2026-09-30 16:09:24 UTC";"4207.16";"2026-09-30 16:09:26 UTC";"2 sn";"🛑 Zarar Durdur (SL)";"-";"-";"-3.7";"-1.48";"-";"KAYIP (LOSS)"
"MT5-1976084004";"EURUSD";"EURUSD";"BUY";"0.04";"-";"1.13607";"2026-09-30 16:07:41 UTC";"1.1362";"2026-09-30 16:08:27 UTC";"46 sn";"🛑 Zarar Durdur (SL)";"-";"-";"+1.3";"+0.52";"-";"KAZANÇ (WIN)"
"MT5-1976026588";"EURUSD";"EURUSD";"BUY";"0.04";"-";"1.13658";"2026-09-30 15:53:59 UTC";"1.13676";"2026-09-30 15:56:45 UTC";"2 dk 46 sn";"🛑 Zarar Durdur (SL)";"-";"-";"+1.8";"+0.72";"-";"KAZANÇ (WIN)"
"MT5-1976026776";"USDCAD";"USDCAD";"BUY";"0.04";"-";"1.41741";"2026-09-30 15:54:01 UTC";"1.41707";"2026-09-30 15:55:49 UTC";"1 dk 48 sn";"Scalper Close";"-";"-";"-3.4";"-0.96";"-";"KAYIP (LOSS)"
"MT5-1976031333";"AUDUSD";"AUDUSD";"BUY";"0.04";"-";"0.69782";"2026-09-30 15:55:21 UTC";"0.69783";"2026-09-30 15:55:30 UTC";"9 sn";"Scalper Close";"-";"-";"+0.1";"+0.04";"-";"KAZANÇ (WIN)"
"MT5-1976031639";"XAUUSD";"XAUUSD";"SELL";"0.04";"-";"4212.96";"2026-09-30 15:55:28 UTC";"4212.82";"2026-09-30 15:55:28 UTC";"1 sn";"🎯 Kâr Al (TP)";"-";"-";"+1.4";"+0.56";"-";"KAZANÇ (WIN)"
"MT5-1976027176";"USDJPY";"USDJPY";"SELL";"0.06";"-";"156.783";"2026-09-30 15:54:20 UTC";"156.796";"2026-09-30 15:55:24 UTC";"1 dk 4 sn";"Scalper Close";"-";"-";"-1.3";"-0.50";"-";"KAYIP (LOSS)"
"MT5-1976027663";"AUDUSD";"AUDUSD";"SELL";"0.04";"-";"0.69764";"2026-09-30 15:54:35 UTC";"0.69778";"2026-09-30 15:55:09 UTC";"34 sn";"Scalper Close";"-";"-";"-1.4";"-0.56";"-";"KAYIP (LOSS)"
"MT5-1976026356";"AUDUSD";"AUDUSD";"SELL";"0.04";"-";"0.6975";"2026-09-30 15:53:51 UTC";"0.69762";"2026-09-30 15:54:22 UTC";"31 sn";"Scalper Close";"-";"-";"-1.2";"-0.48";"-";"KAYIP (LOSS)"
"MT5-1976024078";"USDCAD";"USDCAD";"SELL";"0.04";"-";"1.41715";"2026-09-30 15:53:04 UTC";"1.41743";"2026-09-30 15:53:55 UTC";"51 sn";"Scalper Close";"-";"-";"-2.8";"-0.79";"-";"KAYIP (LOSS)"
"MT5-1976024022";"EURUSD";"EURUSD";"SELL";"0.04";"-";"1.13668";"2026-09-30 15:53:02 UTC";"1.1366";"2026-09-30 15:53:55 UTC";"53 sn";"Scalper Close";"-";"-";"+0.8";"+0.32";"-";"KAZANÇ (WIN)"
"MT5-1976022462";"AUDUSD";"AUDUSD";"BUY";"0.04";"-";"0.69771";"2026-09-30 15:52:17 UTC";"0.69749";"2026-09-30 15:53:47 UTC";"1 dk 30 sn";"Scalper Close";"-";"-";"-2.2";"-0.88";"-";"KAYIP (LOSS)"
"MT5-1976022011";"EURUSD";"EURUSD";"BUY";"0.04";"-";"1.13659";"2026-09-30 15:52:06 UTC";"1.1367";"2026-09-30 15:52:58 UTC";"52 sn";"Scalper Close";"-";"-";"+1.1";"+0.44";"-";"KAZANÇ (WIN)"
"MT5-1976018539";"AUDUSD";"AUDUSD";"SELL";"0.04";"-";"0.69753";"2026-09-30 15:51:31 UTC";"0.69773";"2026-09-30 15:51:53 UTC";"22 sn";"Scalper Close";"-";"-";"-2.0";"-0.80";"-";"KAYIP (LOSS)"
"MT5-1976018093";"EURUSD";"EURUSD";"SELL";"0.04";"-";"1.13676";"2026-09-30 15:51:22 UTC";"1.13679";"2026-09-30 15:51:53 UTC";"31 sn";"Scalper Close";"-";"-";"-0.3";"-0.12";"-";"KAYIP (LOSS)"
"MT5-1976010893";"EURUSD";"EURUSD";"BUY";"0.04";"-";"1.1369799999999999";"2026-09-30 15:49:34 UTC";"1.1367099999999999";"2026-09-30 15:51:18 UTC";"1 dk 44 sn";"🛑 Zarar Durdur (SL)";"-";"-";"-2.7";"-1.08";"-";"KAYIP (LOSS)"
"MT5-1976014904";"XAUUSD";"XAUUSD";"BUY";"0.04";"-";"4212";"2026-09-30 15:50:47 UTC";"4211.51";"2026-09-30 15:50:47 UTC";"1 sn";"🎯 Kâr Al (TP)";"-";"-";"-4.9";"-1.96";"-";"KAYIP (LOSS)"
"MT5-1976001118";"EURUSD";"EURUSD";"BUY";"0.04";"-";"1.1369";"2026-09-30 15:47:38 UTC";"1.1369799999999999";"2026-09-30 15:49:30 UTC";"1 dk 52 sn";"Scalper Close";"-";"-";"+0.8";"+0.32";"-";"KAZANÇ (WIN)"
"MT5-1976001259";"USDCHF";"USDCHF";"BUY";"0.04";"-";"0.83312";"2026-09-30 15:47:40 UTC";"0.83283";"2026-09-30 15:48:38 UTC";"58 sn";"Scalper Close";"-";"-";"-2.9";"-1.39";"-";"KAYIP (LOSS)"
"MT5-1975993919";"EURUSD";"EURUSD";"BUY";"0.04";"-";"1.13753";"2026-09-30 15:46:14 UTC";"1.13681";"2026-09-30 15:47:31 UTC";"1 dk 17 sn";"🛑 Zarar Durdur (SL)";"-";"-";"-7.2";"-2.88";"-";"KAYIP (LOSS)"
"MT5-1975724913";"AUDUSD";"AUDUSD";"BUY";"0.63";"-";"0.69739";"2026-09-30 14:36:12 UTC";"0.69752";"2026-09-30 15:47:18 UTC";"71 dk 6 sn";"🛑 Zarar Durdur (SL)";"-";"-";"+1.3";"+8.19";"-";"KAZANÇ (WIN)"
"MT5-1975719048";"AUDUSD";"AUDUSD";"BUY";"0.65";"-";"0.69724";"2026-09-30 14:33:51 UTC";"0.69752";"2026-09-30 15:47:18 UTC";"73 dk 27 sn";"🛑 Zarar Durdur (SL)";"-";"-";"+2.8";"+18.20";"-";"KAZANÇ (WIN)"
"MT5-1975999442";"XAUUSD";"XAUUSD";"BUY";"0.04";"-";"4208.06";"2026-09-30 15:47:13 UTC";"4208";"2026-09-30 15:47:14 UTC";"1 sn";"🛑 Zarar Durdur (SL)";"-";"-";"-0.6";"-0.24";"-";"KAYIP (LOSS)"
"MT5-1975989397";"XAUUSD";"XAUUSD";"SELL";"0.04";"-";"4218.39";"2026-09-30 15:45:42 UTC";"4218.6";"2026-09-30 15:45:43 UTC";"1 sn";"🛑 Zarar Durdur (SL)";"-";"-";"-2.1";"-0.84";"-";"KAYIP (LOSS)"
"MT5-1975982586";"NZDUSD";"NZDUSD";"BUY";"0.04";"-";"0.56592";"2026-09-30 15:44:52 UTC";"0.56585";"2026-09-30 15:45:31 UTC";"39 sn";"Scalper Close";"-";"-";"-0.7";"-0.28";"-";"KAYIP (LOSS)"
"MT5-1975979689";"XAUUSD";"XAUUSD";"BUY";"0.04";"-";"4210.61";"2026-09-30 15:43:58 UTC";"4211.03";"2026-09-30 15:43:59 UTC";"1 sn";"🎯 Kâr Al (TP)";"-";"-";"+4.2";"+1.68";"-";"KAZANÇ (WIN)"
"MT5-1975737295";"GBPUSD";"GBPUSD";"BUY";"0.65";"-";"1.32914";"2026-09-30 14:40:13 UTC";"1.32966";"2026-09-30 15:39:43 UTC";"59 dk 30 sn";"🛑 Zarar Durdur (SL)";"-";"-";"+5.2";"+33.80";"-";"KAZANÇ (WIN)"
"MT5-1975735339";"GBPUSD";"GBPUSD";"BUY";"0.67";"-";"1.32927";"2026-09-30 14:39:21 UTC";"1.32966";"2026-09-30 15:39:43 UTC";"60 dk 22 sn";"🛑 Zarar Durdur (SL)";"-";"-";"+3.9";"+26.13";"-";"KAZANÇ (WIN)"
"MT5-1975717244";"GBPUSD";"GBPUSD";"BUY";"0.65";"-";"1.32908";"2026-09-30 14:32:27 UTC";"1.32966";"2026-09-30 15:39:43 UTC";"67 dk 16 sn";"🛑 Zarar Durdur (SL)";"-";"-";"+5.8";"+37.70";"-";"KAZANÇ (WIN)"
"MT5-1975731580";"EURUSD";"EURUSD";"BUY";"0.64";"-";"1.13571";"2026-09-30 14:37:47 UTC";"1.13678";"2026-09-30 15:39:31 UTC";"61 dk 44 sn";"🛑 Zarar Durdur (SL)";"-";"-";"+10.7";"+68.48";"-";"KAZANÇ (WIN)"
"MT5-1975714840";"USDCAD";"USDCAD";"SELL";"0.68";"-";"1.41778";"2026-09-30 14:31:31 UTC";"1.41672";"2026-09-30 15:39:26 UTC";"67 dk 55 sn";"🛑 Zarar Durdur (SL)";"-";"-";"+10.6";"+50.88";"-";"KAZANÇ (WIN)"
"MT5-1975736363";"USDCAD";"USDCAD";"SELL";"0.67";"-";"1.41778";"2026-09-30 14:39:57 UTC";"1.41672";"2026-09-30 15:39:26 UTC";"59 dk 29 sn";"🛑 Zarar Durdur (SL)";"-";"-";"+10.6";"+50.13";"-";"KAZANÇ (WIN)"
"MT5-1975719551";"USDCAD";"USDCAD";"SELL";"0.62";"-";"1.41772";"2026-09-30 14:34:06 UTC";"1.41672";"2026-09-30 15:39:26 UTC";"65 dk 20 sn";"🛑 Zarar Durdur (SL)";"-";"-";"+10.0";"+43.76";"-";"KAZANÇ (WIN)"
"MT5-1975734750";"USDCAD";"USDCAD";"BUY";"0.67";"-";"1.41767";"2026-09-30 14:38:53 UTC";"1.41615";"2026-09-30 15:32:31 UTC";"53 dk 38 sn";"🛑 Zarar Durdur (SL)";"-";"-";"-15.2";"-71.91";"-";"KAYIP (LOSS)"
"MT5-1975730221";"USDCAD";"USDCAD";"BUY";"0.64";"-";"1.41771";"2026-09-30 14:37:28 UTC";"1.41622";"2026-09-30 15:32:28 UTC";"55 dk 0 sn";"🛑 Zarar Durdur (SL)";"-";"-";"-14.9";"-67.33";"-";"KAYIP (LOSS)"
"MT5-1975715120";"USDCAD";"USDCAD";"BUY";"0.66";"-";"1.41779";"2026-09-30 14:31:41 UTC";"1.41626";"2026-09-30 15:32:28 UTC";"60 dk 47 sn";"🛑 Zarar Durdur (SL)";"-";"-";"-15.3";"-71.30";"-";"KAYIP (LOSS)"
"MT5-1975730654";"EURUSD";"EURUSD";"SELL";"0.64";"-";"1.13567";"2026-09-30 14:37:30 UTC";"1.13731";"2026-09-30 15:30:20 UTC";"52 dk 50 sn";"🛑 Zarar Durdur (SL)";"-";"-";"-16.4";"-104.96";"-";"KAYIP (LOSS)"
"MT5-1975714989";"USDJPY";"USDJPY";"BUY";"1.01";"-";"156.983";"2026-09-30 14:31:39 UTC";"156.829";"2026-09-30 15:30:17 UTC";"58 dk 38 sn";"🛑 Zarar Durdur (SL)";"-";"-";"-15.4";"-99.18";"-";"KAYIP (LOSS)"
"MT5-1975735847";"USDJPY";"USDJPY";"BUY";"1.02";"-";"157.024";"2026-09-30 14:39:37 UTC";"156.887";"2026-09-30 15:30:09 UTC";"50 dk 32 sn";"🛑 Zarar Durdur (SL)";"-";"-";"-13.7";"-89.07";"-";"KAYIP (LOSS)"
"MT5-1975718094";"USDJPY";"USDJPY";"BUY";"1.01";"-";"157.028";"2026-09-30 14:33:00 UTC";"156.887";"2026-09-30 15:30:09 UTC";"57 dk 9 sn";"🛑 Zarar Durdur (SL)";"-";"-";"-14.1";"-90.77";"-";"KAYIP (LOSS)"
"MT5-1975737248";"XAUUSD";"XAUUSD";"BUY";"0.67";"-";"4189.67";"2026-09-30 14:40:10 UTC";"4189.69";"2026-09-30 14:40:13 UTC";"3 sn";"🎯 Kâr Al (TP)";"-";"-";"+0.2";"+1.34";"-";"KAZANÇ (WIN)"
"MT5-1975734584";"XAUUSD";"XAUUSD";"BUY";"0.66";"-";"4190.98";"2026-09-30 14:38:42 UTC";"4191.38";"2026-09-30 14:39:04 UTC";"22 sn";"🎯 Kâr Al (TP)";"-";"-";"+4.0";"+26.40";"-";"KAZANÇ (WIN)"
"MT5-1975731333";"XAUUSD";"XAUUSD";"BUY";"0.62";"-";"4191.4";"2026-09-30 14:37:41 UTC";"4191.11";"2026-09-30 14:37:43 UTC";"2 sn";"🛑 Zarar Durdur (SL)";"-";"-";"-2.9";"-17.98";"-";"KAYIP (LOSS)"
"MT5-1975725094";"XAUUSD";"XAUUSD";"BUY";"0.64";"-";"4187.02";"2026-09-30 14:36:21 UTC";"4186.96";"2026-09-30 14:36:22 UTC";"1 sn";"🛑 Zarar Durdur (SL)";"-";"-";"-0.6";"-3.84";"-";"KAYIP (LOSS)"
"MT5-1975723029";"XAUUSD";"XAUUSD";"BUY";"0.64";"-";"4186.58";"2026-09-30 14:35:16 UTC";"4186.45";"2026-09-30 14:35:17 UTC";"1 sn";"🛑 Zarar Durdur (SL)";"-";"-";"-1.3";"-8.32";"-";"KAYIP (LOSS)"
"MT5-1975719153";"XAUUSD";"XAUUSD";"BUY";"0.64";"-";"4184.46";"2026-09-30 14:33:57 UTC";"4184.92";"2026-09-30 14:34:01 UTC";"4 sn";"🎯 Kâr Al (TP)";"-";"-";"+4.6";"+29.44";"-";"KAZANÇ (WIN)"
"MT5-1975718437";"XAUUSD";"XAUUSD";"SELL";"0.65";"-";"4183.89";"2026-09-30 14:33:13 UTC";"4184.04";"2026-09-30 14:33:15 UTC";"2 sn";"🛑 Zarar Durdur (SL)";"-";"-";"-1.5";"-9.75";"-";"KAYIP (LOSS)"
"MT5-1975689557";"EURUSD";"EURUSD";"BUY";"0.01";"-";"1.13541";"2026-09-30 14:21:24 UTC";"1.13541";"2026-09-30 14:21:24 UTC";"1 sn";"Close Test";"-";"-";"+0.0";"+0.00";"-";"KAZANÇ (WIN)"
"MT5-1975584119";"EURUSD";"EURUSD";"BUY";"0.01";"-";"1.13574";"2026-09-30 13:32:16 UTC";"1.13573";"2026-09-30 13:32:16 UTC";"1 sn";"ScalperGlobal Close Test";"-";"-";"-0.1";"-0.01";"-";"KAYIP (LOSS)"