Bilet No;Parite;Sembol;Strateji;Yön;Lot;Radar Skoru;Giriş Fiyatı;Giriş Zamanı (UTC+3);Çıkış Fiyatı;Çıkış Zamanı (UTC+3);Süre;Çıkış Nedeni;SL Seviyesi;TP Seviyesi;Kâr/Zarar (Pip);Net Getiri (USD);Bakiye Sonrası (USD);Sonuç
"MT5-1999760854";"XAUUSD";"XAUUSD";"M1/M5 Çoklu Radar";"BUY";"0.03";"-";"4194.31";"2026-10-09 20:20:50";"4196.19";"2026-10-09 20:54:35";"33 dk 45 sn";"🛑 Zarar Durdur (SL)";"-";"-";"+18.8";"+5.64";"-";"KAZANÇ (WIN)"
"MT5-1999772956";"BTCUSD";"BTCUSD";"M1/M5 Çoklu Radar";"SELL";"0.11";"-";"82616.21";"2026-10-09 20:29:08";"82580.08";"2026-10-09 20:32:01";"2 dk 53 sn";"🛑 Zarar Durdur (SL)";"-";"-";"+36.1";"+3.97";"-";"KAZANÇ (WIN)"
"MT5-1999764771";"BTCUSD";"BTCUSD";"M1/M5 Çoklu Radar";"SELL";"0.1";"-";"82462.38";"2026-10-09 20:24:07";"82621.68";"2026-10-09 20:28:03";"3 dk 56 sn";"🛑 Zarar Durdur (SL)";"-";"-";"-159.3";"-15.93";"-";"KAYIP (LOSS)"
"MT5-1999452759";"US30";"US30";"M1/M5 Çoklu Radar";"BUY";"0.3";"-";"51342.8";"2026-10-09 17:35:02";"51591.5";"2026-10-09 20:25:17";"170 dk 15 sn";"🛑 Zarar Durdur (SL)";"-";"-";"+248.7";"+54.72";"-";"KAZANÇ (WIN)"
"MT5-1999752510";"BTCUSD";"BTCUSD";"M1/M5 Çoklu Radar";"SELL";"0.1";"-";"82558.38";"2026-10-09 20:16:41";"82497.56";"2026-10-09 20:23:02";"6 dk 21 sn";"🛑 Zarar Durdur (SL)";"-";"-";"+60.8";"+6.08";"-";"KAZANÇ (WIN)"
"MT5-1999711315";"XAUUSD";"XAUUSD";"M1/M5 Çoklu Radar";"BUY";"0.03";"-";"4191.49";"2026-10-09 19:50:54";"4193.79";"2026-10-09 20:19:46";"28 dk 52 sn";"🛑 Zarar Durdur (SL)";"-";"-";"+23.0";"+6.90";"-";"KAZANÇ (WIN)"
"MT5-1999745184";"BTCUSD";"BTCUSD";"M1/M5 Çoklu Radar";"SELL";"0.1";"-";"82595.06";"2026-10-09 20:14:02";"82575.21";"2026-10-09 20:15:36";"1 dk 34 sn";"🛑 Zarar Durdur (SL)";"-";"-";"+19.8";"+1.99";"-";"KAZANÇ (WIN)"
"MT5-1999727302";"BTCUSD";"BTCUSD";"M1/M5 Çoklu Radar";"SELL";"0.1";"-";"82671.31";"2026-10-09 20:01:27";"82629.01";"2026-10-09 20:12:56";"11 dk 29 sn";"🛑 Zarar Durdur (SL)";"-";"-";"+42.3";"+4.23";"-";"KAZANÇ (WIN)"
"MT5-1999682382";"XAUUSD";"XAUUSD";"M1/M5 Çoklu Radar";"BUY";"0.03";"-";"4186.66";"2026-10-09 19:33:15";"4190.75";"2026-10-09 19:49:47";"16 dk 32 sn";"🛑 Zarar Durdur (SL)";"-";"-";"+40.9";"+13.75";"-";"KAZANÇ (WIN)"
"MT5-1999648350";"XAUUSD";"XAUUSD";"M1/M5 Çoklu Radar";"BUY";"0.03";"-";"4192.51";"2026-10-09 19:10:41";"4186.49";"2026-10-09 19:32:10";"21 dk 29 sn";"🛑 Zarar Durdur (SL)";"-";"-";"-60.2";"-18.06";"-";"KAYIP (LOSS)"
"MT5-1999656149";"BTCUSD";"BTCUSD";"M1/M5 Çoklu Radar";"BUY";"0.09";"-";"82935.67";"2026-10-09 19:16:49";"82764.61";"2026-10-09 19:21:19";"4 dk 30 sn";"🛑 Zarar Durdur (SL)";"-";"-";"-171.1";"-15.40";"-";"KAYIP (LOSS)"
"MT5-1999570634";"XAUUSD";"XAUUSD";"M1/M5 Çoklu Radar";"BUY";"0.02";"-";"4190.5";"2026-10-09 18:27:38";"4192.37";"2026-10-09 19:09:37";"41 dk 59 sn";"🛑 Zarar Durdur (SL)";"-";"-";"+18.7";"+3.74";"-";"KAZANÇ (WIN)"
"MT5-1999510983";"BTCUSD";"BTCUSD";"M1/M5 Çoklu Radar";"BUY";"0.07";"-";"82929.84";"2026-10-09 18:00:43";"82696.57";"2026-10-09 19:01:14";"60 dk 31 sn";"🛑 Zarar Durdur (SL)";"-";"-";"-233.3";"-16.33";"-";"KAYIP (LOSS)"
"MT5-1999545545";"XAUUSD";"XAUUSD";"M1/M5 Çoklu Radar";"BUY";"0.02";"-";"4185.52";"2026-10-09 18:14:22";"4185.29";"2026-10-09 18:17:29";"3 dk 7 sn";"Scalper Close";"-";"-";"-2.3";"-0.46";"-";"KAYIP (LOSS)"
"MT5-1999389408";"XAUUSD";"XAUUSD";"M1/M5 Çoklu Radar";"BUY";"0.02";"-";"4188.63";"2026-10-09 17:08:35";"4183.69";"2026-10-09 18:13:00";"64 dk 25 sn";"Scalper Close";"-";"-";"-49.4";"-9.88";"-";"KAYIP (LOSS)"
"MT5-1999481912";"BTCUSD";"BTCUSD";"M1/M5 Çoklu Radar";"BUY";"0.07";"-";"82918.57";"2026-10-09 17:47:24";"82980.37";"2026-10-09 17:59:38";"12 dk 14 sn";"🛑 Zarar Durdur (SL)";"-";"-";"+61.8";"+4.33";"-";"KAZANÇ (WIN)"
"MT5-1999473338";"BTCUSD";"BTCUSD";"M1/M5 Çoklu Radar";"BUY";"0.07";"-";"82852.3";"2026-10-09 17:42:58";"82923.15";"2026-10-09 17:46:18";"3 dk 20 sn";"🛑 Zarar Durdur (SL)";"-";"-";"+70.8";"+4.96";"-";"KAZANÇ (WIN)"
"MT5-1999456014";"BTCUSD";"BTCUSD";"M1/M5 Çoklu Radar";"BUY";"0.08";"-";"83135.34";"2026-10-09 17:36:27";"82934.49";"2026-10-09 17:41:55";"5 dk 28 sn";"🛑 Zarar Durdur (SL)";"-";"-";"-200.8";"-16.07";"-";"KAYIP (LOSS)"
"MT5-1999430041";"BTCUSD";"BTCUSD";"M1/M5 Çoklu Radar";"BUY";"0.08";"-";"83109.19";"2026-10-09 17:23:16";"83154.26";"2026-10-09 17:35:24";"12 dk 8 sn";"🛑 Zarar Durdur (SL)";"-";"-";"+45.1";"+3.61";"-";"KAZANÇ (WIN)"
"MT5-1999413954";"US30";"US30";"M1/M5 Çoklu Radar";"BUY";"0.3";"-";"51387.3";"2026-10-09 17:18:20";"51332.6";"2026-10-09 17:34:29";"16 dk 9 sn";"🛑 Zarar Durdur (SL)";"-";"-";"-54.7";"-16.41";"-";"KAYIP (LOSS)"
"MT5-1999424766";"BTCUSD";"BTCUSD";"M1/M5 Çoklu Radar";"BUY";"0.08";"-";"83037.56";"2026-10-09 17:21:22";"83074.71";"2026-10-09 17:22:12";"50 sn";"🛑 Zarar Durdur (SL)";"-";"-";"+37.2";"+2.97";"-";"KAZANÇ (WIN)"
"MT5-1999337276";"US30";"US30";"M1/M5 Çoklu Radar";"BUY";"0.3";"-";"51362.3";"2026-10-09 16:52:38";"51384.6";"2026-10-09 17:18:17";"25 dk 39 sn";"🛑 Zarar Durdur (SL)";"-";"-";"+22.3";"+9.79";"-";"KAZANÇ (WIN)"
"MT5-1999380567";"XAUUSD";"XAUUSD";"M1/M5 Çoklu Radar";"BUY";"0.02";"-";"4186.41";"2026-10-09 17:05:31";"4188.44";"2026-10-09 17:07:29";"1 dk 58 sn";"🛑 Zarar Durdur (SL)";"-";"-";"+20.3";"+4.06";"-";"KAZANÇ (WIN)"
"MT5-1999374143";"BTCUSD";"BTCUSD";"M1/M5 Çoklu Radar";"SELL";"0.09";"-";"82479.55";"2026-10-09 17:02:38";"82685.25";"2026-10-09 17:06:16";"3 dk 38 sn";"🛑 Zarar Durdur (SL)";"-";"-";"-205.7";"-18.51";"-";"KAYIP (LOSS)"
"MT5-1999333820";"XAUUSD";"XAUUSD";"M1/M5 Çoklu Radar";"BUY";"0.02";"-";"4193.72";"2026-10-09 16:51:48";"4186.04";"2026-10-09 17:04:27";"12 dk 39 sn";"🛑 Zarar Durdur (SL)";"-";"-";"-76.8";"-15.36";"-";"KAYIP (LOSS)"
"MT5-1999358238";"BTCUSD";"BTCUSD";"M1/M5 Çoklu Radar";"SELL";"0.09";"-";"82548.15";"2026-10-09 16:59:37";"82494.97";"2026-10-09 17:01:34";"1 dk 57 sn";"🛑 Zarar Durdur (SL)";"-";"-";"+53.2";"+4.79";"-";"KAZANÇ (WIN)"
"MT5-1999284205";"US30";"US30";"M1/M5 Çoklu Radar";"BUY";"0.4";"-";"51335.3";"2026-10-09 16:39:51";"51365.1";"2026-10-09 16:52:33";"12 dk 42 sn";"🛑 Zarar Durdur (SL)";"-";"-";"+29.8";"+16.02";"-";"KAZANÇ (WIN)"
"MT5-1999310466";"BTCUSD";"BTCUSD";"S3 SuperTrend+RSI";"SELL";"0.09";"-";"82463.62";"2026-10-09 16:45:06";"82668.75";"2026-10-09 16:50:12";"5 dk 6 sn";"🛑 Zarar Durdur (SL)";"-";"-";"-205.1";"-18.46";"-";"KAYIP (LOSS)"
"MT5-1999313660";"XAUUSD";"XAUUSD";"M1/M5 Çoklu Radar";"BUY";"0.03";"-";"4188.34";"2026-10-09 16:45:39";"4190.24";"2026-10-09 16:48:00";"2 dk 21 sn";"🛑 Zarar Durdur (SL)";"-";"-";"+19.0";"+5.70";"-";"KAZANÇ (WIN)"
"MT5-1999272157";"BTCUSD";"BTCUSD";"S3 SuperTrend+RSI";"SELL";"0.1";"-";"82500.68";"2026-10-09 16:37:05";"82685.02";"2026-10-09 16:40:01";"2 dk 56 sn";"🛑 Zarar Durdur (SL)";"-";"-";"-184.3";"-18.43";"-";"KAYIP (LOSS)"
"MT5-1999258191";"US30";"US30";"M1/M5 Çoklu Radar";"BUY";"0.4";"-";"51280.3";"2026-10-09 16:34:28";"51329.6";"2026-10-09 16:39:47";"5 dk 19 sn";"🛑 Zarar Durdur (SL)";"-";"-";"+49.3";"+18.42";"-";"KAZANÇ (WIN)"
"MT5-1999222870";"XAUUSD";"XAUUSD";"M1/M5 Çoklu Radar";"SELL";"0.03";"-";"4187.54";"2026-10-09 16:26:58";"4185.74";"2026-10-09 16:38:19";"11 dk 21 sn";"🛑 Zarar Durdur (SL)";"-";"-";"+18.0";"+5.40";"-";"KAZANÇ (WIN)"
"MT5-1999252539";"US30";"US30";"M1/M5 Çoklu Radar";"BUY";"0.4";"-";"51325.3";"2026-10-09 16:33:27";"51274.6";"2026-10-09 16:33:55";"28 sn";"🛑 Zarar Durdur (SL)";"-";"-";"-50.7";"-20.28";"-";"KAYIP (LOSS)"
"MT5-1999237393";"US30";"US30";"M1/M5 Çoklu Radar";"BUY";"0.4";"-";"51294.8";"2026-10-09 16:30:55";"51315.6";"2026-10-09 16:33:20";"2 dk 25 sn";"🛑 Zarar Durdur (SL)";"-";"-";"+20.8";"+12.82";"-";"KAZANÇ (WIN)"
"MT5-1999226622";"BTCUSD";"BTCUSD";"M1/M5 Çoklu Radar";"BUY";"0.12";"-";"82925.61";"2026-10-09 16:27:43";"82771.05";"2026-10-09 16:32:27";"4 dk 44 sn";"🛑 Zarar Durdur (SL)";"-";"-";"-154.6";"-18.55";"-";"KAYIP (LOSS)"
"MT5-1999231662";"US30";"US30";"M1/M5 Çoklu Radar";"BUY";"0.5";"-";"51224";"2026-10-09 16:29:57";"51274.8";"2026-10-09 16:30:04";"7 sn";"🎯 Kâr Al (TP)";"-";"-";"+50.8";"+26.40";"-";"KAZANÇ (WIN)"
"MT5-1999158578";"US30";"US30";"M1/M5 Çoklu Radar";"BUY";"0.5";"-";"51255";"2026-10-09 16:04:17";"51215.8";"2026-10-09 16:29:51";"25 dk 34 sn";"🛑 Zarar Durdur (SL)";"-";"-";"-39.2";"-19.60";"-";"KAYIP (LOSS)"
"MT5-1999205182";"BTCUSD";"BTCUSD";"M1/M5 Çoklu Radar";"BUY";"0.12";"-";"83038.46";"2026-10-09 16:20:19";"82884.9";"2026-10-09 16:26:40";"6 dk 21 sn";"🛑 Zarar Durdur (SL)";"-";"-";"-153.6";"-18.43";"-";"KAYIP (LOSS)"
"MT5-1999189774";"XAUUSD";"XAUUSD";"M1/M5 Çoklu Radar";"SELL";"0.03";"-";"4181.57";"2026-10-09 16:15:32";"4188.25";"2026-10-09 16:25:54";"10 dk 22 sn";"🛑 Zarar Durdur (SL)";"-";"-";"-66.8";"-20.04";"-";"KAYIP (LOSS)"
"MT5-1999179501";"BTCUSD";"BTCUSD";"M1/M5 Çoklu Radar";"BUY";"0.13";"-";"82977.99";"2026-10-09 16:11:29";"82998";"2026-10-09 16:19:14";"7 dk 45 sn";"🛑 Zarar Durdur (SL)";"-";"-";"+20.0";"+2.60";"-";"KAZANÇ (WIN)"
"MT5-1998890482";"GBPUSD";"GBPUSD";"M1/M5 Çoklu Radar";"SELL";"0.25";"-";"1.32315";"2026-10-09 14:29:35";"1.32212";"2026-10-09 16:18:04";"108 dk 29 sn";"🛑 Zarar Durdur (SL)";"-";"-";"+10.3";"+22.75";"-";"KAZANÇ (WIN)"
"MT5-1999133455";"XAUUSD";"XAUUSD";"M1/M5 Çoklu Radar";"SELL";"0.04";"-";"4175.5";"2026-10-09 15:58:22";"4181.14";"2026-10-09 16:14:29";"16 dk 7 sn";"🛑 Zarar Durdur (SL)";"-";"-";"-56.4";"-22.56";"-";"KAYIP (LOSS)"
"MT5-1999117625";"BTCUSD";"BTCUSD";"M1/M5 Çoklu Radar";"BUY";"0.11";"-";"82887.49";"2026-10-09 15:54:38";"83002.23";"2026-10-09 16:10:23";"15 dk 45 sn";"🛑 Zarar Durdur (SL)";"-";"-";"+114.7";"+16.16";"-";"KAZANÇ (WIN)"
"MT5-1999110549";"US30";"US30";"M1/M5 Çoklu Radar";"BUY";"0.5";"-";"51230.5";"2026-10-09 15:53:04";"51251.3";"2026-10-09 16:04:12";"11 dk 8 sn";"🛑 Zarar Durdur (SL)";"-";"-";"+20.8";"+13.50";"-";"KAZANÇ (WIN)"
"MT5-1999095459";"XAUUSD";"XAUUSD";"M1/M5 Çoklu Radar";"SELL";"0.04";"-";"4178.54";"2026-10-09 15:50:02";"4173.09";"2026-10-09 15:57:15";"7 dk 13 sn";"🛑 Zarar Durdur (SL)";"-";"-";"+54.5";"+20.98";"-";"KAZANÇ (WIN)"
"MT5-1999004348";"BTCUSD";"BTCUSD";"M1/M5 Çoklu Radar";"BUY";"0.12";"-";"83075.08";"2026-10-09 15:22:10";"82882.85";"2026-10-09 15:53:32";"31 dk 22 sn";"🛑 Zarar Durdur (SL)";"-";"-";"-192.2";"-23.07";"-";"KAYIP (LOSS)"
"MT5-1999061944";"US30";"US30";"M1/M5 Çoklu Radar";"BUY";"0.5";"-";"51262";"2026-10-09 15:39:35";"51223.8";"2026-10-09 15:53:00";"13 dk 25 sn";"🛑 Zarar Durdur (SL)";"-";"-";"-38.2";"-19.10";"-";"KAYIP (LOSS)"
"MT5-1999080111";"XAUUSD";"XAUUSD";"M1/M5 Çoklu Radar";"SELL";"0.04";"-";"4179.77";"2026-10-09 15:46:21";"4177.68";"2026-10-09 15:48:57";"2 dk 36 sn";"🛑 Zarar Durdur (SL)";"-";"-";"+20.9";"+8.36";"-";"KAZANÇ (WIN)"
"MT5-1999064295";"XAUUSD";"XAUUSD";"M1/M5 Çoklu Radar";"BUY";"0.04";"-";"4182.48";"2026-10-09 15:40:43";"4184.14";"2026-10-09 15:43:00";"2 dk 17 sn";"🛑 Zarar Durdur (SL)";"-";"-";"+16.6";"+6.64";"-";"KAZANÇ (WIN)"
"MT5-1998966968";"US30";"US30";"M1/M5 Çoklu Radar";"BUY";"0.6";"-";"51301.5";"2026-10-09 15:05:36";"51261.3";"2026-10-09 15:39:31";"33 dk 55 sn";"🛑 Zarar Durdur (SL)";"-";"-";"-40.2";"-24.12";"-";"KAYIP (LOSS)"
"MT5-1999044901";"XAUUSD";"XAUUSD";"M1/M5 Çoklu Radar";"SELL";"0.05";"-";"4186.19";"2026-10-09 15:34:54";"4184.68";"2026-10-09 15:35:15";"21 sn";"🛑 Zarar Durdur (SL)";"-";"-";"+15.1";"+7.55";"-";"KAZANÇ (WIN)"
"MT5-1999036368";"XAUUSD";"XAUUSD";"M1/M5 Çoklu Radar";"SELL";"0.05";"-";"4188.06";"2026-10-09 15:32:38";"4186.48";"2026-10-09 15:33:49";"1 dk 11 sn";"🛑 Zarar Durdur (SL)";"-";"-";"+15.8";"+7.90";"-";"KAZANÇ (WIN)"
"MT5-1999008441";"XAUUSD";"XAUUSD";"M1/M5 Çoklu Radar";"SELL";"0.05";"-";"4183.27";"2026-10-09 15:24:31";"4187.57";"2026-10-09 15:30:41";"6 dk 10 sn";"🛑 Zarar Durdur (SL)";"-";"-";"-43.0";"-21.50";"-";"KAYIP (LOSS)"
"MT5-1998975425";"BTCUSD";"BTCUSD";"M1/M5 Çoklu Radar";"BUY";"0.12";"-";"83262.34";"2026-10-09 15:10:04";"83061.83";"2026-10-09 15:21:05";"11 dk 1 sn";"🛑 Zarar Durdur (SL)";"-";"-";"-200.5";"-24.06";"-";"KAYIP (LOSS)"
"MT5-1998990451";"XAUUSD";"XAUUSD";"M1/M5 Çoklu Radar";"SELL";"0.06";"-";"4180.57";"2026-10-09 15:16:40";"4185.01";"2026-10-09 15:20:27";"3 dk 47 sn";"🛑 Zarar Durdur (SL)";"-";"-";"-44.4";"-26.64";"-";"KAYIP (LOSS)"
"MT5-1998981161";"XAUUSD";"XAUUSD";"M1/M5 Çoklu Radar";"SELL";"0.06";"-";"4185.4";"2026-10-09 15:12:22";"4183.76";"2026-10-09 15:15:34";"3 dk 12 sn";"🛑 Zarar Durdur (SL)";"-";"-";"+16.4";"+9.84";"-";"KAZANÇ (WIN)"
"MT5-1998927604";"XAUUSD";"XAUUSD";"M1/M5 Çoklu Radar";"SELL";"0.05";"-";"4182.35";"2026-10-09 14:45:57";"4186.32";"2026-10-09 15:10:14";"24 dk 17 sn";"🛑 Zarar Durdur (SL)";"-";"-";"-39.7";"-19.85";"-";"KAYIP (LOSS)"
"MT5-1998935562";"BTCUSD";"BTCUSD";"M1/M5 Çoklu Radar";"BUY";"0.12";"-";"83253.56";"2026-10-09 14:49:26";"83296";"2026-10-09 15:09:01";"19 dk 35 sn";"🛑 Zarar Durdur (SL)";"-";"-";"+42.4";"+5.09";"-";"KAZANÇ (WIN)"
"MT5-1998836443";"US30";"US30";"M1/M5 Çoklu Radar";"BUY";"0.5";"-";"51274";"2026-10-09 14:04:12";"51302.3";"2026-10-09 15:05:32";"61 dk 20 sn";"🛑 Zarar Durdur (SL)";"-";"-";"+28.3";"+15.95";"-";"KAZANÇ (WIN)"
"MT5-1998919570";"BTCUSD";"BTCUSD";"M1/M5 Çoklu Radar";"BUY";"0.13";"-";"82920.06";"2026-10-09 14:42:30";"83340.33";"2026-10-09 14:47:10";"4 dk 40 sn";"🛑 Zarar Durdur (SL)";"-";"-";"+420.3";"+39.83";"-";"KAZANÇ (WIN)"
"MT5-1998899094";"XAUUSD";"XAUUSD";"M1/M5 Çoklu Radar";"SELL";"0.05";"-";"4186.07";"2026-10-09 14:32:21";"4182.14";"2026-10-09 14:44:53";"12 dk 32 sn";"🛑 Zarar Durdur (SL)";"-";"-";"+39.3";"+19.83";"-";"KAZANÇ (WIN)"
"MT5-1998902833";"BTCUSD";"BTCUSD";"M1/M5 Çoklu Radar";"BUY";"0.14";"-";"82748.53";"2026-10-09 14:34:23";"82899.63";"2026-10-09 14:41:25";"7 dk 2 sn";"🛑 Zarar Durdur (SL)";"-";"-";"+151.1";"+19.67";"-";"KAZANÇ (WIN)"
"MT5-1998897831";"BTCUSD";"BTCUSD";"M1/M5 Çoklu Radar";"BUY";"0.16";"-";"82629.29";"2026-10-09 14:32:03";"82717.07";"2026-10-09 14:32:15";"12 sn";"🛑 Zarar Durdur (SL)";"-";"-";"+87.8";"+18.63";"-";"KAZANÇ (WIN)"
"MT5-1998865514";"XAUUSD";"XAUUSD";"M1/M5 Çoklu Radar";"SELL";"0.05";"-";"4181.34";"2026-10-09 14:15:53";"4185.02";"2026-10-09 14:31:17";"15 dk 24 sn";"🛑 Zarar Durdur (SL)";"-";"-";"-36.8";"-18.40";"-";"KAYIP (LOSS)"
"MT5-1998770140";"GBPUSD";"GBPUSD";"M1/M5 Çoklu Radar";"SELL";"0.28";"-";"1.32372";"2026-10-09 13:33:02";"1.3231600000000001";"2026-10-09 14:29:31";"56 dk 29 sn";"🛑 Zarar Durdur (SL)";"-";"-";"+5.6";"+17.78";"-";"KAZANÇ (WIN)"
"MT5-1998850322";"XAUUSD";"XAUUSD";"M1/M5 Çoklu Radar";"SELL";"0.05";"-";"4176.1";"2026-10-09 14:10:09";"4179.91";"2026-10-09 14:14:49";"4 dk 40 sn";"🛑 Zarar Durdur (SL)";"-";"-";"-38.1";"-19.05";"-";"KAYIP (LOSS)"
"MT5-1998839303";"XAUUSD";"XAUUSD";"M1/M5 Çoklu Radar";"SELL";"0.05";"-";"4178.94";"2026-10-09 14:05:33";"4177.39";"2026-10-09 14:09:04";"3 dk 31 sn";"🛑 Zarar Durdur (SL)";"-";"-";"+15.5";"+7.75";"-";"KAZANÇ (WIN)"
"MT5-1998816660";"US30";"US30";"M1/M5 Çoklu Radar";"BUY";"0.5";"-";"51252";"2026-10-09 13:58:53";"51270.3";"2026-10-09 14:04:07";"5 dk 14 sn";"🛑 Zarar Durdur (SL)";"-";"-";"+18.3";"+13.05";"-";"KAZANÇ (WIN)"
"MT5-1998806487";"US30";"US30";"M1/M5 Çoklu Radar";"BUY";"0.5";"-";"51232.5";"2026-10-09 13:55:14";"51248.8";"2026-10-09 13:58:49";"3 dk 35 sn";"🛑 Zarar Durdur (SL)";"-";"-";"+16.3";"+12.35";"-";"KAZANÇ (WIN)"
"MT5-1998770692";"US30";"US30";"M1/M5 Çoklu Radar";"BUY";"0.5";"-";"51246.5";"2026-10-09 13:33:22";"51205.8";"2026-10-09 13:50:10";"16 dk 48 sn";"🛑 Zarar Durdur (SL)";"-";"-";"-40.7";"-20.35";"-";"KAYIP (LOSS)"
"MT5-1998772310";"BTCUSD";"BTCUSD";"M1/M5 Çoklu Radar";"BUY";"0.22";"-";"82507.24";"2026-10-09 13:34:19";"82422.64";"2026-10-09 13:35:52";"1 dk 33 sn";"🛑 Zarar Durdur (SL)";"-";"-";"-84.6";"-18.61";"-";"KAYIP (LOSS)"
"MT5-1998755645";"US30";"US30";"M1/M5 Çoklu Radar";"BUY";"0.6";"-";"51285.5";"2026-10-09 13:23:42";"51244.8";"2026-10-09 13:33:16";"9 dk 34 sn";"🛑 Zarar Durdur (SL)";"-";"-";"-40.7";"-24.42";"-";"KAYIP (LOSS)"
"MT5-1998749104";"BTCUSD";"BTCUSD";"M1/M5 Çoklu Radar";"BUY";"0.29";"-";"82617.78";"2026-10-09 13:17:01";"82535.13";"2026-10-09 13:33:15";"16 dk 14 sn";"🛑 Zarar Durdur (SL)";"-";"-";"-82.6";"-23.97";"-";"KAYIP (LOSS)"
"MT5-1998685341";"US30";"US30";"M1/M5 Çoklu Radar";"BUY";"0.6";"-";"51324";"2026-10-09 12:31:52";"51284.8";"2026-10-09 13:23:38";"51 dk 46 sn";"🛑 Zarar Durdur (SL)";"-";"-";"-39.2";"-23.52";"-";"KAYIP (LOSS)"
"MT5-1998739292";"BTCUSD";"BTCUSD";"M1/M5 Çoklu Radar";"BUY";"0.27";"-";"82584.02";"2026-10-09 13:09:38";"82620.77";"2026-10-09 13:15:56";"6 dk 18 sn";"🛑 Zarar Durdur (SL)";"-";"-";"+36.8";"+15.25";"-";"KAZANÇ (WIN)"
"MT5-1998676929";"BTCUSD";"BTCUSD";"M1/M5 Çoklu Radar";"BUY";"0.22";"-";"82559.48";"2026-10-09 12:25:54";"82586.94";"2026-10-09 13:08:34";"42 dk 40 sn";"🛑 Zarar Durdur (SL)";"-";"-";"+27.5";"+6.04";"-";"KAZANÇ (WIN)"
"MT5-1998634866";"US30";"US30";"M1/M5 Çoklu Radar";"BUY";"0.6";"-";"51318";"2026-10-09 12:00:16";"51321.3";"2026-10-09 12:31:48";"31 dk 32 sn";"🛑 Zarar Durdur (SL)";"-";"-";"+3.3";"+12.03";"-";"KAZANÇ (WIN)"
"MT5-1998643173";"BTCUSD";"BTCUSD";"M1/M5 Çoklu Radar";"BUY";"0.21";"-";"82534.69";"2026-10-09 12:03:31";"82571.33";"2026-10-09 12:24:51";"21 dk 20 sn";"🛑 Zarar Durdur (SL)";"-";"-";"+36.6";"+7.69";"-";"KAZANÇ (WIN)"
"MT5-1998626379";"BTCUSD";"BTCUSD";"M1/M5 Çoklu Radar";"BUY";"0.23";"-";"82638.76";"2026-10-09 11:58:14";"82551.14";"2026-10-09 12:02:26";"4 dk 12 sn";"🛑 Zarar Durdur (SL)";"-";"-";"-87.6";"-20.15";"-";"KAYIP (LOSS)"
"MT5-1998560929";"US30";"US30";"M1/M5 Çoklu Radar";"BUY";"1.1";"-";"51317";"2026-10-09 11:23:46";"51318.3";"2026-10-09 12:00:11";"36 dk 25 sn";"🛑 Zarar Durdur (SL)";"-";"-";"+1.3";"+18.43";"-";"KAZANÇ (WIN)"
"MT5-1998448249";"GBPUSD";"GBPUSD";"M1/M5 Çoklu Radar";"BUY";"0.25";"-";"1.3244";"2026-10-09 10:18:56";"1.3235999999999999";"2026-10-09 11:57:03";"98 dk 7 sn";"🛑 Zarar Durdur (SL)";"-";"-";"-8.0";"-20.00";"-";"KAYIP (LOSS)"
"MT5-1998611935";"BTCUSD";"BTCUSD";"M1/M5 Çoklu Radar";"BUY";"0.23";"-";"82557.45";"2026-10-09 11:50:38";"82591.06";"2026-10-09 11:56:47";"6 dk 9 sn";"🛑 Zarar Durdur (SL)";"-";"-";"+33.6";"+16.80";"-";"KAZANÇ (WIN)"
"MT5-1998602957";"BTCUSD";"BTCUSD";"M1/M5 Çoklu Radar";"BUY";"0.22";"-";"82496.59";"2026-10-09 11:45:10";"82516.06";"2026-10-09 11:49:33";"4 dk 23 sn";"Scalper Close";"-";"-";"+19.5";"+4.28";"-";"KAZANÇ (WIN)"
"MT5-1998568134";"BTCUSD";"BTCUSD";"M1/M5 Çoklu Radar";"BUY";"0.4";"-";"82524.48";"2026-10-09 11:26:18";"82514.52";"2026-10-09 11:44:05";"17 dk 47 sn";"Scalper Close";"-";"-";"-10.0";"-3.98";"-";"KAYIP (LOSS)"
"MT5-1998543989";"BTCUSD";"BTCUSD";"M1/M5 Çoklu Radar";"BUY";"0.39";"-";"82570.57";"2026-10-09 11:15:46";"82464.98";"2026-10-09 11:25:14";"9 dk 28 sn";"🛑 Zarar Durdur (SL)";"-";"-";"-105.6";"-41.18";"-";"KAYIP (LOSS)"
"MT5-1998523653";"US30";"US30";"M1/M5 Çoklu Radar";"BUY";"1";"-";"51297";"2026-10-09 11:03:08";"51317.3";"2026-10-09 11:23:43";"20 dk 35 sn";"🛑 Zarar Durdur (SL)";"-";"-";"+20.3";"+29.30";"-";"KAZANÇ (WIN)"
"MT5-1998510838";"BTCUSD";"BTCUSD";"M1/M5 Çoklu Radar";"BUY";"0.4";"-";"82570.77";"2026-10-09 10:59:03";"82599.24";"2026-10-09 11:14:40";"15 dk 37 sn";"🛑 Zarar Durdur (SL)";"-";"-";"+28.5";"+11.39";"-";"KAZANÇ (WIN)"
"MT5-1998474574";"US30";"US30";"M1/M5 Çoklu Radar";"BUY";"0.6";"-";"51270";"2026-10-09 10:34:12";"51297.3";"2026-10-09 11:03:04";"28 dk 52 sn";"🛑 Zarar Durdur (SL)";"-";"-";"+27.3";"+19.68";"-";"KAZANÇ (WIN)"
"MT5-1998483453";"BTCUSD";"BTCUSD";"M1/M5 Çoklu Radar";"BUY";"0.36";"-";"82477.73";"2026-10-09 10:39:47";"82516.19";"2026-10-09 10:57:59";"18 dk 12 sn";"🛑 Zarar Durdur (SL)";"-";"-";"+38.5";"+13.85";"-";"KAZANÇ (WIN)"
"MT5-1998476960";"BTCUSD";"BTCUSD";"M1/M5 Çoklu Radar";"BUY";"0.4";"-";"82525.35";"2026-10-09 10:35:52";"82455.05";"2026-10-09 10:38:41";"2 dk 49 sn";"Scalper Close";"-";"-";"-70.3";"-28.12";"-";"KAYIP (LOSS)"
"MT5-1998462334";"BTCUSD";"BTCUSD";"M1/M5 Çoklu Radar";"BUY";"0.41";"-";"82466.63";"2026-10-09 10:27:00";"82486.71";"2026-10-09 10:34:46";"7 dk 46 sn";"🛑 Zarar Durdur (SL)";"-";"-";"+20.1";"+8.23";"-";"KAZANÇ (WIN)"
"MT5-1998397797";"US30";"US30";"M1/M5 Çoklu Radar";"BUY";"0.6";"-";"51244.5";"2026-10-09 09:53:52";"51265.8";"2026-10-09 10:34:08";"40 dk 16 sn";"🛑 Zarar Durdur (SL)";"-";"-";"+21.3";"+16.98";"-";"KAZANÇ (WIN)"
"MT5-1998439343";"BTCUSD";"BTCUSD";"M1/M5 Çoklu Radar";"BUY";"0.23";"-";"82456.04";"2026-10-09 10:14:48";"82490.01";"2026-10-09 10:25:55";"11 dk 7 sn";"🛑 Zarar Durdur (SL)";"-";"-";"+34.0";"+7.81";"-";"KAZANÇ (WIN)"
"MT5-1998409726";"GBPUSD";"GBPUSD";"M1/M5 Çoklu Radar";"SELL";"0.27";"-";"1.32338";"2026-10-09 10:00:04";"1.3241800000000001";"2026-10-09 10:17:54";"17 dk 50 sn";"🛑 Zarar Durdur (SL)";"-";"-";"-8.0";"-21.60";"-";"KAYIP (LOSS)"
"MT5-1998430845";"BTCUSD";"BTCUSD";"M1/M5 Çoklu Radar";"BUY";"0.22";"-";"82441.75";"2026-10-09 10:09:20";"82465.23";"2026-10-09 10:13:45";"4 dk 25 sn";"🛑 Zarar Durdur (SL)";"-";"-";"+23.5";"+5.17";"-";"KAZANÇ (WIN)"
"MT5-1998391884";"BTCUSD";"BTCUSD";"M1/M5 Çoklu Radar";"BUY";"0.22";"-";"82510.06";"2026-10-09 09:49:03";"82420.11";"2026-10-09 10:08:16";"19 dk 13 sn";"Scalper Close";"-";"-";"-89.9";"-19.79";"-";"KAYIP (LOSS)"
"MT5-1998318981";"XAUUSD";"XAUUSD";"M1/M5 Çoklu Radar";"BUY";"0.03";"-";"4194.33";"2026-10-09 09:06:58";"4195.93";"2026-10-09 09:56:50";"49 dk 52 sn";"🛑 Zarar Durdur (SL)";"-";"-";"+16.0";"+4.80";"-";"KAZANÇ (WIN)"
"MT5-1998351243";"US30";"US30";"M1/M5 Çoklu Radar";"BUY";"0.5";"-";"51239";"2026-10-09 09:24:33";"51242.3";"2026-10-09 09:53:48";"29 dk 15 sn";"🛑 Zarar Durdur (SL)";"-";"-";"+3.3";"+7.95";"-";"KAZANÇ (WIN)"
"MT5-1998360782";"BTCUSD";"BTCUSD";"M1/M5 Çoklu Radar";"BUY";"0.2";"-";"82422.38";"2026-10-09 09:29:31";"82495.95";"2026-10-09 09:47:56";"18 dk 25 sn";"🛑 Zarar Durdur (SL)";"-";"-";"+73.6";"+16.87";"-";"KAZANÇ (WIN)"
"MT5-1998344819";"BTCUSD";"BTCUSD";"M1/M5 Çoklu Radar";"BUY";"0.21";"-";"82371.97";"2026-10-09 09:21:37";"82404.04";"2026-10-09 09:28:27";"6 dk 50 sn";"🛑 Zarar Durdur (SL)";"-";"-";"+32.1";"+6.73";"-";"KAZANÇ (WIN)"
"MT5-1998330738";"US30";"US30";"M1/M5 Çoklu Radar";"BUY";"0.5";"-";"51276";"2026-10-09 09:13:29";"51236.3";"2026-10-09 09:24:29";"11 dk 0 sn";"🛑 Zarar Durdur (SL)";"-";"-";"-39.7";"-19.85";"-";"KAYIP (LOSS)"
"MT5-1998272860";"BTCUSD";"BTCUSD";"M1/M5 Çoklu Radar";"BUY";"0.17";"-";"82294.74";"2026-10-09 08:49:35";"82341.57";"2026-10-09 09:20:32";"30 dk 57 sn";"🛑 Zarar Durdur (SL)";"-";"-";"+46.8";"+13.84";"-";"KAZANÇ (WIN)"
"MT5-1997762144";"US30";"US30";"M1/M5 Çoklu Radar";"BUY";"0.4";"-";"51314";"2026-10-09 03:58:56";"51276.3";"2026-10-09 09:13:24";"314 dk 28 sn";"🛑 Zarar Durdur (SL)";"-";"-";"-37.7";"-15.08";"-";"KAYIP (LOSS)"
"MT5-1998302018";"XAUUSD";"XAUUSD";"M1/M5 Çoklu Radar";"BUY";"0.04";"-";"4194.51";"2026-10-09 09:00:20";"4196.79";"2026-10-09 09:05:52";"5 dk 32 sn";"🛑 Zarar Durdur (SL)";"-";"-";"+22.8";"+9.12";"-";"KAZANÇ (WIN)"
"MT5-1998290353";"XAUUSD";"XAUUSD";"M1/M5 Çoklu Radar";"BUY";"0.04";"-";"4193.01";"2026-10-09 08:55:43";"4194.64";"2026-10-09 08:59:16";"3 dk 33 sn";"🛑 Zarar Durdur (SL)";"-";"-";"+16.3";"+6.52";"-";"KAZANÇ (WIN)"
"MT5-1998251222";"XAUUSD";"XAUUSD";"M1/M5 Çoklu Radar";"BUY";"0.04";"-";"4202.05";"2026-10-09 08:39:24";"4196.72";"2026-10-09 08:52:38";"13 dk 14 sn";"🛑 Zarar Durdur (SL)";"-";"-";"-53.3";"-21.32";"-";"KAYIP (LOSS)"
"MT5-1998255371";"BTCUSD";"BTCUSD";"M1/M5 Çoklu Radar";"BUY";"0.18";"-";"82398.32";"2026-10-09 08:40:39";"82275.45";"2026-10-09 08:48:30";"7 dk 51 sn";"🛑 Zarar Durdur (SL)";"-";"-";"-122.9";"-22.12";"-";"KAYIP (LOSS)"
"MT5-1998198213";"BTCUSD";"BTCUSD";"M1/M5 Çoklu Radar";"BUY";"0.17";"-";"82375.06";"2026-10-09 08:21:26";"82459.25";"2026-10-09 08:39:32";"18 dk 6 sn";"🛑 Zarar Durdur (SL)";"-";"-";"+84.2";"+16.16";"-";"KAZANÇ (WIN)"
"MT5-1998238145";"XAUUSD";"XAUUSD";"M1/M5 Çoklu Radar";"BUY";"0.04";"-";"4203.25";"2026-10-09 08:36:06";"4205.74";"2026-10-09 08:38:17";"2 dk 11 sn";"🛑 Zarar Durdur (SL)";"-";"-";"+24.9";"+9.96";"-";"KAZANÇ (WIN)"
"MT5-1998198949";"XAUUSD";"XAUUSD";"M1/M5 Çoklu Radar";"BUY";"0.03";"-";"4190.95";"2026-10-09 08:22:15";"4200.09";"2026-10-09 08:34:47";"12 dk 32 sn";"🎯 Kâr Al (TP)";"-";"-";"+91.4";"+23.72";"-";"KAZANÇ (WIN)"
"MT5-1998161979";"XAUUSD";"XAUUSD";"M1/M5 Çoklu Radar";"BUY";"0.03";"-";"4187.87";"2026-10-09 08:02:58";"4190.03";"2026-10-09 08:21:07";"18 dk 9 sn";"🛑 Zarar Durdur (SL)";"-";"-";"+21.6";"+6.48";"-";"KAZANÇ (WIN)"
"MT5-1998135445";"BTCUSD";"BTCUSD";"M1/M5 Çoklu Radar";"BUY";"0.16";"-";"82200.62";"2026-10-09 07:52:17";"82398.69";"2026-10-09 08:20:18";"28 dk 1 sn";"🛑 Zarar Durdur (SL)";"-";"-";"+198.1";"+23.64";"-";"KAZANÇ (WIN)"
"MT5-1998136427";"XAUUSD";"XAUUSD";"M1/M5 Çoklu Radar";"BUY";"0.03";"-";"4177.32";"2026-10-09 07:53:39";"4186.5";"2026-10-09 08:01:51";"8 dk 12 sn";"🎯 Kâr Al (TP)";"-";"-";"+91.8";"+23.68";"-";"KAZANÇ (WIN)"
"MT5-1998118321";"BTCUSD";"BTCUSD";"M1/M5 Çoklu Radar";"BUY";"0.17";"-";"82279.23";"2026-10-09 07:42:57";"82172.49";"2026-10-09 07:50:43";"7 dk 46 sn";"🛑 Zarar Durdur (SL)";"-";"-";"-106.7";"-18.15";"-";"KAYIP (LOSS)"
"MT5-1998093702";"BTCUSD";"BTCUSD";"M1/M5 Çoklu Radar";"BUY";"0.15";"-";"82397.12";"2026-10-09 07:24:31";"82275.94";"2026-10-09 07:41:53";"17 dk 22 sn";"🛑 Zarar Durdur (SL)";"-";"-";"-121.2";"-18.18";"-";"KAYIP (LOSS)"
"MT5-1998101451";"XAUUSD";"XAUUSD";"M1/M5 Çoklu Radar";"BUY";"0.03";"-";"4182.9";"2026-10-09 07:30:19";"4184.6";"2026-10-09 07:36:14";"5 dk 55 sn";"🛑 Zarar Durdur (SL)";"-";"-";"+17.0";"+5.10";"-";"KAZANÇ (WIN)"
"MT5-1998072248";"BTCUSD";"BTCUSD";"M1/M5 Çoklu Radar";"BUY";"0.14";"-";"82348.15";"2026-10-09 07:05:37";"82378.31";"2026-10-09 07:23:26";"17 dk 49 sn";"🛑 Zarar Durdur (SL)";"-";"-";"+30.2";"+4.22";"-";"KAZANÇ (WIN)"
"MT5-1997973396";"XAUUSD";"XAUUSD";"M1/M5 Çoklu Radar";"BUY";"0.03";"-";"4177.68";"2026-10-09 05:45:27";"4179.22";"2026-10-09 07:13:34";"88 dk 7 sn";"🛑 Zarar Durdur (SL)";"-";"-";"+15.4";"+4.62";"-";"KAZANÇ (WIN)"
"MT5-1998058984";"BTCUSD";"BTCUSD";"M1/M5 Çoklu Radar";"BUY";"0.14";"-";"82309.4";"2026-10-09 06:56:27";"82365.8";"2026-10-09 07:04:33";"8 dk 6 sn";"🛑 Zarar Durdur (SL)";"-";"-";"+56.4";"+12.19";"-";"KAZANÇ (WIN)"
"MT5-1998054413";"BTCUSD";"BTCUSD";"M1/M5 Çoklu Radar";"BUY";"0.14";"-";"82268.29";"2026-10-09 06:53:10";"82321.09";"2026-10-09 06:55:22";"2 dk 12 sn";"🛑 Zarar Durdur (SL)";"-";"-";"+52.8";"+7.39";"-";"KAZANÇ (WIN)"
"MT5-1998025791";"BTCUSD";"BTCUSD";"M1/M5 Çoklu Radar";"BUY";"0.12";"-";"82169.18";"2026-10-09 06:23:59";"82257.22";"2026-10-09 06:52:06";"28 dk 7 sn";"🛑 Zarar Durdur (SL)";"-";"-";"+88.0";"+12.91";"-";"KAZANÇ (WIN)"
"MT5-1998001006";"BTCUSD";"BTCUSD";"M1/M5 Çoklu Radar";"BUY";"0.11";"-";"82112.31";"2026-10-09 06:01:49";"82138.2";"2026-10-09 06:22:55";"21 dk 6 sn";"🛑 Zarar Durdur (SL)";"-";"-";"+25.9";"+2.85";"-";"KAZANÇ (WIN)"
"MT5-1997987406";"BTCUSD";"BTCUSD";"M1/M5 Çoklu Radar";"BUY";"0.12";"-";"82157.1";"2026-10-09 05:55:35";"82013.29";"2026-10-09 06:00:45";"5 dk 10 sn";"🛑 Zarar Durdur (SL)";"-";"-";"-143.8";"-17.26";"-";"KAYIP (LOSS)"
"MT5-1997974622";"BTCUSD";"BTCUSD";"M1/M5 Çoklu Radar";"BUY";"0.13";"-";"81968.04";"2026-10-09 05:46:15";"82198.79";"2026-10-09 05:54:27";"8 dk 12 sn";"🛑 Zarar Durdur (SL)";"-";"-";"+230.8";"+22.38";"-";"KAZANÇ (WIN)"
"MT5-1997941861";"BTCUSD";"BTCUSD";"M1/M5 Çoklu Radar";"BUY";"0.12";"-";"81918.41";"2026-10-09 05:21:59";"81925.85";"2026-10-09 05:45:11";"23 dk 12 sn";"🛑 Zarar Durdur (SL)";"-";"-";"+7.4";"+0.89";"-";"KAZANÇ (WIN)"
"MT5-1997917021";"XAUUSD";"XAUUSD";"M1/M5 Çoklu Radar";"BUY";"0.03";"-";"4172.12";"2026-10-09 05:05:08";"4175.58";"2026-10-09 05:44:21";"39 dk 13 sn";"🛑 Zarar Durdur (SL)";"-";"-";"+34.6";"+10.38";"-";"KAZANÇ (WIN)"
"MT5-1997938408";"BTCUSD";"BTCUSD";"M1/M5 Çoklu Radar";"BUY";"0.12";"-";"81898.89";"2026-10-09 05:18:50";"81928.03";"2026-10-09 05:20:53";"2 dk 3 sn";"🛑 Zarar Durdur (SL)";"-";"-";"+29.1";"+3.50";"-";"KAZANÇ (WIN)"
"MT5-1997928112";"BTCUSD";"BTCUSD";"M1/M5 Çoklu Radar";"BUY";"0.13";"-";"82000.74";"2026-10-09 05:11:10";"81866.23";"2026-10-09 05:17:43";"6 dk 33 sn";"🛑 Zarar Durdur (SL)";"-";"-";"-134.5";"-17.49";"-";"KAYIP (LOSS)"
"MT5-1997879548";"BTCUSD";"BTCUSD";"M1/M5 Çoklu Radar";"BUY";"0.11";"-";"81923.28";"2026-10-09 04:43:31";"81969.65";"2026-10-09 05:10:03";"26 dk 32 sn";"🛑 Zarar Durdur (SL)";"-";"-";"+46.4";"+10.55";"-";"KAZANÇ (WIN)"
"MT5-1997876429";"XAUUSD";"XAUUSD";"M1/M5 Çoklu Radar";"BUY";"0.03";"-";"4173.42";"2026-10-09 04:42:04";"4174.88";"2026-10-09 05:04:04";"22 dk 0 sn";"🛑 Zarar Durdur (SL)";"-";"-";"+14.6";"+4.38";"-";"KAZANÇ (WIN)"
"MT5-1997866357";"XAUUSD";"XAUUSD";"M1/M5 Çoklu Radar";"BUY";"0.03";"-";"4169.15";"2026-10-09 04:38:31";"4170.68";"2026-10-09 04:41:00";"2 dk 29 sn";"🛑 Zarar Durdur (SL)";"-";"-";"+15.3";"+4.59";"-";"KAZANÇ (WIN)"
"MT5-1997857351";"XAUUSD";"XAUUSD";"M1/M5 Çoklu Radar";"BUY";"0.03";"-";"4167.76";"2026-10-09 04:34:59";"4169.39";"2026-10-09 04:37:24";"2 dk 25 sn";"🛑 Zarar Durdur (SL)";"-";"-";"+16.3";"+4.89";"-";"KAZANÇ (WIN)"
"MT5-1997840584";"XAUUSD";"XAUUSD";"M1/M5 Çoklu Radar";"BUY";"0.03";"-";"4162.43";"2026-10-09 04:28:41";"4165.08";"2026-10-09 04:33:53";"5 dk 12 sn";"🛑 Zarar Durdur (SL)";"-";"-";"+26.5";"+7.95";"-";"KAZANÇ (WIN)"
"MT5-1997834066";"XAUUSD";"XAUUSD";"M1/M5 Çoklu Radar";"BUY";"0.03";"-";"4160.98";"2026-10-09 04:25:29";"4162.17";"2026-10-09 04:27:33";"2 dk 4 sn";"🛑 Zarar Durdur (SL)";"-";"-";"+11.9";"+3.57";"-";"KAZANÇ (WIN)"
"MT5-1997811942";"XAUUSD";"XAUUSD";"M1/M5 Çoklu Radar";"BUY";"0.03";"-";"4156.97";"2026-10-09 04:15:23";"4160.53";"2026-10-09 04:24:13";"8 dk 50 sn";"🛑 Zarar Durdur (SL)";"-";"-";"+35.6";"+12.70";"-";"KAZANÇ (WIN)"
"MT5-1997801127";"XAUUSD";"XAUUSD";"M1/M5 Çoklu Radar";"BUY";"0.03";"-";"4153.23";"2026-10-09 04:12:19";"4154.94";"2026-10-09 04:14:17";"1 dk 58 sn";"🛑 Zarar Durdur (SL)";"-";"-";"+17.1";"+5.13";"-";"KAZANÇ (WIN)"
"MT5-1997788847";"XAUUSD";"XAUUSD";"M1/M5 Çoklu Radar";"BUY";"0.03";"-";"4148.61";"2026-10-09 04:06:46";"4150.35";"2026-10-09 04:11:18";"4 dk 32 sn";"🛑 Zarar Durdur (SL)";"-";"-";"+17.4";"+6.46";"-";"KAZANÇ (WIN)"
"MT5-1997750287";"BTCUSD";"BTCUSD";"M1/M5 Çoklu Radar";"BUY";"0.08";"-";"81793.59";"2026-10-09 03:51:08";"81643.95";"2026-10-09 04:07:22";"16 dk 14 sn";"🛑 Zarar Durdur (SL)";"-";"-";"-149.6";"-11.97";"-";"KAYIP (LOSS)"
"MT5-1997779340";"XAUUSD";"XAUUSD";"M1/M5 Çoklu Radar";"BUY";"0.03";"-";"4147.58";"2026-10-09 04:02:34";"4149.28";"2026-10-09 04:05:42";"3 dk 8 sn";"🛑 Zarar Durdur (SL)";"-";"-";"+17.0";"+5.10";"-";"KAZANÇ (WIN)"
"MT5-1997366912";"GBPUSD";"GBPUSD";"M1/M5 Çoklu Radar";"BUY";"0.01";"-";"1.3226200000000001";"2026-10-08 21:57:38";"1.32383";"2026-10-09 04:02:23";"364 dk 45 sn";"🎯 Kâr Al (TP)";"-";"-";"+12.1";"+1.21";"-";"KAZANÇ (WIN)"
"MT5-1997760976";"XAUUSD";"XAUUSD";"M1/M5 Çoklu Radar";"BUY";"0.03";"-";"4144.95";"2026-10-09 03:58:07";"4147.08";"2026-10-09 04:01:31";"3 dk 24 sn";"🛑 Zarar Durdur (SL)";"-";"-";"+21.3";"+6.39";"-";"KAZANÇ (WIN)"
"MT5-1997679590";"US30";"US30";"M1/M5 Çoklu Radar";"BUY";"0.4";"-";"51295.5";"2026-10-09 03:07:52";"51313.8";"2026-10-09 03:58:52";"51 dk 0 sn";"🛑 Zarar Durdur (SL)";"-";"-";"+18.3";"+10.72";"-";"KAZANÇ (WIN)"
"MT5-1997748166";"XAUUSD";"XAUUSD";"M1/M5 Çoklu Radar";"BUY";"0.03";"-";"4143.82";"2026-10-09 03:49:00";"4145.39";"2026-10-09 03:57:03";"8 dk 3 sn";"🛑 Zarar Durdur (SL)";"-";"-";"+15.7";"+4.71";"-";"KAZANÇ (WIN)"
"MT5-1997728592";"XAUUSD";"XAUUSD";"M1/M5 Çoklu Radar";"BUY";"0.03";"-";"4149.67";"2026-10-09 03:34:25";"4144.39";"2026-10-09 03:47:55";"13 dk 30 sn";"🛑 Zarar Durdur (SL)";"-";"-";"-52.8";"-15.84";"-";"KAYIP (LOSS)"
"MT5-1997710821";"XAUUSD";"XAUUSD";"M1/M5 Çoklu Radar";"BUY";"0.03";"-";"4143.25";"2026-10-09 03:24:27";"4145.88";"2026-10-09 03:32:59";"8 dk 32 sn";"🛑 Zarar Durdur (SL)";"-";"-";"+26.3";"+9.98";"-";"KAZANÇ (WIN)"
"MT5-1997700419";"BTCUSD";"BTCUSD";"M1/M5 Çoklu Radar";"BUY";"0.08";"-";"81715.32";"2026-10-09 03:17:19";"81750.12";"2026-10-09 03:32:01";"14 dk 42 sn";"🛑 Zarar Durdur (SL)";"-";"-";"+34.8";"+2.78";"-";"KAZANÇ (WIN)"
"MT5-1997696882";"XAUUSD";"XAUUSD";"M1/M5 Çoklu Radar";"BUY";"0.04";"-";"4147.54";"2026-10-09 03:15:30";"4143.81";"2026-10-09 03:23:24";"7 dk 54 sn";"🛑 Zarar Durdur (SL)";"-";"-";"-37.3";"-14.92";"-";"KAYIP (LOSS)"
"MT5-1997677460";"BTCUSD";"BTCUSD";"M1/M5 Çoklu Radar";"BUY";"0.07";"-";"81690.01";"2026-10-09 03:07:20";"81729.78";"2026-10-09 03:16:15";"8 dk 55 sn";"🛑 Zarar Durdur (SL)";"-";"-";"+39.8";"+2.78";"-";"KAZANÇ (WIN)"
"MT5-1997688501";"XAUUSD";"XAUUSD";"M1/M5 Çoklu Radar";"BUY";"0.04";"-";"4144.54";"2026-10-09 03:11:06";"4145.86";"2026-10-09 03:14:27";"3 dk 21 sn";"🛑 Zarar Durdur (SL)";"-";"-";"+13.2";"+5.28";"-";"KAZANÇ (WIN)"
"MT5-1997682906";"XAUUSD";"XAUUSD";"M1/M5 Çoklu Radar";"BUY";"0.04";"-";"4146.76";"2026-10-09 03:08:53";"4143.48";"2026-10-09 03:10:02";"1 dk 9 sn";"🛑 Zarar Durdur (SL)";"-";"-";"-32.8";"-13.12";"-";"KAYIP (LOSS)"
"MT5-1997646624";"US30";"US30";"M1/M5 Çoklu Radar";"BUY";"0.3";"-";"51242";"2026-10-09 02:50:54";"51300.3";"2026-10-09 03:07:47";"16 dk 53 sn";"🎯 Kâr Al (TP)";"-";"-";"+58.3";"+15.44";"-";"KAZANÇ (WIN)"
"MT5-1997654556";"XAUUSD";"XAUUSD";"M1/M5 Çoklu Radar";"BUY";"0.04";"-";"4143.8";"2026-10-09 02:57:12";"4149.76";"2026-10-09 03:07:45";"10 dk 33 sn";"🎯 Kâr Al (TP)";"-";"-";"+59.6";"+17.80";"-";"KAZANÇ (WIN)"
"MT5-1997663532";"BTCUSD";"BTCUSD";"M1/M5 Çoklu Radar";"BUY";"0.06";"-";"81680.6";"2026-10-09 03:00:14";"81719.52";"2026-10-09 03:06:15";"6 dk 1 sn";"🛑 Zarar Durdur (SL)";"-";"-";"+38.9";"+2.34";"-";"KAZANÇ (WIN)"
"MT5-1997638423";"XAUUSD";"XAUUSD";"M1/M5 Çoklu Radar";"BUY";"0.04";"-";"4141";"2026-10-09 02:44:28";"4143.07";"2026-10-09 02:56:07";"11 dk 39 sn";"🛑 Zarar Durdur (SL)";"-";"-";"+20.7";"+10.46";"-";"KAZANÇ (WIN)"
"MT5-1997569422";"US30";"US30";"M1/M5 Çoklu Radar";"BUY";"0.3";"-";"51279.5";"2026-10-09 01:36:33";"51240.8";"2026-10-09 02:50:50";"74 dk 17 sn";"🛑 Zarar Durdur (SL)";"-";"-";"-38.7";"-11.61";"-";"KAYIP (LOSS)"
"MT5-1997633041";"BTCUSD";"BTCUSD";"M1/M5 Çoklu Radar";"BUY";"0.13";"-";"81777.99";"2026-10-09 02:36:59";"81676.48";"2026-10-09 02:46:30";"9 dk 31 sn";"🛑 Zarar Durdur (SL)";"-";"-";"-101.5";"-13.20";"-";"KAYIP (LOSS)"
"MT5-1997620589";"XAUUSD";"XAUUSD";"M1/M5 Çoklu Radar";"BUY";"0.04";"-";"4143.6";"2026-10-09 02:24:56";"4141.09";"2026-10-09 02:43:24";"18 dk 28 sn";"🛑 Zarar Durdur (SL)";"-";"-";"-25.1";"-10.04";"-";"KAYIP (LOSS)"
"MT5-1997624796";"BTCUSD";"BTCUSD";"M1/M5 Çoklu Radar";"BUY";"0.13";"-";"81774.5";"2026-10-09 02:29:32";"81802.41";"2026-10-09 02:35:53";"6 dk 21 sn";"🛑 Zarar Durdur (SL)";"-";"-";"+27.9";"+3.63";"-";"KAZANÇ (WIN)"
"MT5-1997597171";"BTCUSD";"BTCUSD";"M1/M5 Çoklu Radar";"BUY";"0.12";"-";"81854.09";"2026-10-09 02:03:33";"81749.69";"2026-10-09 02:28:28";"24 dk 55 sn";"🛑 Zarar Durdur (SL)";"-";"-";"-104.4";"-12.53";"-";"KAYIP (LOSS)"
"MT5-1997607787";"XAUUSD";"XAUUSD";"M1/M5 Çoklu Radar";"BUY";"0.04";"-";"4140.39";"2026-10-09 02:13:45";"4142.54";"2026-10-09 02:23:51";"10 dk 6 sn";"🛑 Zarar Durdur (SL)";"-";"-";"+21.5";"+10.06";"-";"KAZANÇ (WIN)"
"MT5-1997584702";"XAUUSD";"XAUUSD";"M1/M5 Çoklu Radar";"BUY";"0.04";"-";"4138.16";"2026-10-09 01:53:57";"4140.75";"2026-10-09 02:12:40";"18 dk 43 sn";"🛑 Zarar Durdur (SL)";"-";"-";"+25.9";"+11.86";"-";"KAZANÇ (WIN)"
"MT5-1997586015";"BTCUSD";"BTCUSD";"M1/M5 Çoklu Radar";"BUY";"0.12";"-";"81780.73";"2026-10-09 01:56:03";"81816.22";"2026-10-09 02:02:29";"6 dk 26 sn";"🛑 Zarar Durdur (SL)";"-";"-";"+35.5";"+4.26";"-";"KAZANÇ (WIN)"
"MT5-1997559406";"BTCUSD";"BTCUSD";"M1/M5 Çoklu Radar";"BUY";"0.1";"-";"81721.68";"2026-10-09 01:24:19";"81785.79";"2026-10-09 01:54:57";"30 dk 38 sn";"🛑 Zarar Durdur (SL)";"-";"-";"+64.1";"+9.67";"-";"KAZANÇ (WIN)"
"MT5-1997473836";"XAUUSD";"XAUUSD";"M1/M5 Çoklu Radar";"BUY";"0.03";"-";"4135.03";"2026-10-08 23:10:43";"4138.31";"2026-10-09 01:52:51";"162 dk 8 sn";"🛑 Zarar Durdur (SL)";"-";"-";"+32.8";"+10.57";"-";"KAZANÇ (WIN)"
"MT5-1997502587";"US30";"US30";"M1/M5 Çoklu Radar";"BUY";"0.3";"-";"51224";"2026-10-08 23:44:47";"51281.8";"2026-10-09 01:36:27";"111 dk 40 sn";"🎯 Kâr Al (TP)";"-";"-";"+57.8";"+15.29";"-";"KAZANÇ (WIN)"
"MT5-1997523401";"BTCUSD";"BTCUSD";"M1/M5 Çoklu Radar";"BUY";"0.09";"-";"81662.14";"2026-10-09 00:56:54";"81713.87";"2026-10-09 01:23:11";"26 dk 17 sn";"🛑 Zarar Durdur (SL)";"-";"-";"+51.7";"+6.72";"-";"KAZANÇ (WIN)"
"MT5-1997420533";"BTCUSD";"BTCUSD";"M1/M5 Çoklu Radar";"BUY";"0.05";"-";"81753.81";"2026-10-08 22:31:27";"81538.24";"2026-10-09 00:50:43";"139 dk 16 sn";"🛑 Zarar Durdur (SL)";"-";"-";"-215.6";"-10.78";"-";"KAYIP (LOSS)"
"MT5-1997495320";"US30";"US30";"M1/M5 Çoklu Radar";"BUY";"0.3";"-";"51217.5";"2026-10-08 23:32:51";"51221.8";"2026-10-08 23:44:42";"11 dk 51 sn";"🛑 Zarar Durdur (SL)";"-";"-";"+4.3";"+4.54";"-";"KAZANÇ (WIN)"
"MT5-1997475629";"US30";"US30";"M1/M5 Çoklu Radar";"BUY";"0.3";"-";"51261";"2026-10-08 23:13:02";"51221.8";"2026-10-08 23:32:46";"19 dk 44 sn";"🛑 Zarar Durdur (SL)";"-";"-";"-39.2";"-11.76";"-";"KAYIP (LOSS)"
"MT5-1997475087";"US30";"US30";"M1/M5 Çoklu Radar";"BUY";"0.3";"-";"51300";"2026-10-08 23:12:02";"51257.8";"2026-10-08 23:12:56";"54 sn";"🛑 Zarar Durdur (SL)";"-";"-";"-42.2";"-12.66";"-";"KAYIP (LOSS)"
"MT5-1997463034";"US30";"US30";"M1/M5 Çoklu Radar";"BUY";"0.3";"-";"51275.5";"2026-10-08 23:01:45";"51295.3";"2026-10-08 23:11:58";"10 dk 13 sn";"🛑 Zarar Durdur (SL)";"-";"-";"+19.8";"+7.49";"-";"KAZANÇ (WIN)"
"MT5-1997452473";"XAUUSD";"XAUUSD";"M1/M5 Çoklu Radar";"BUY";"0.02";"-";"4131.37";"2026-10-08 22:56:56";"4134.14";"2026-10-08 23:09:11";"12 dk 15 sn";"🛑 Zarar Durdur (SL)";"-";"-";"+27.7";"+7.15";"-";"KAZANÇ (WIN)"
"MT5-1997414787";"US30";"US30";"M1/M5 Çoklu Radar";"BUY";"0.3";"-";"51212.5";"2026-10-08 22:28:53";"51272.8";"2026-10-08 23:01:40";"32 dk 47 sn";"🎯 Kâr Al (TP)";"-";"-";"+60.3";"+15.89";"-";"KAZANÇ (WIN)"
"MT5-1997442641";"XAUUSD";"XAUUSD";"M1/M5 Çoklu Radar";"BUY";"0.02";"-";"4129.07";"2026-10-08 22:47:48";"4130.8";"2026-10-08 22:55:52";"8 dk 4 sn";"🛑 Zarar Durdur (SL)";"-";"-";"+17.3";"+3.46";"-";"KAZANÇ (WIN)"
"MT5-1997432869";"XAUUSD";"XAUUSD";"M1/M5 Çoklu Radar";"BUY";"0.02";"-";"4133.8";"2026-10-08 22:41:37";"4128.63";"2026-10-08 22:46:37";"5 dk 0 sn";"🛑 Zarar Durdur (SL)";"-";"-";"-51.7";"-10.34";"-";"KAYIP (LOSS)"
"MT5-1997415707";"XAUUSD";"XAUUSD";"M1/M5 Çoklu Radar";"BUY";"0.02";"-";"4131.09";"2026-10-08 22:29:38";"4132.13";"2026-10-08 22:40:31";"10 dk 53 sn";"🛑 Zarar Durdur (SL)";"-";"-";"+10.4";"+2.08";"-";"KAZANÇ (WIN)"
"MT5-1997403820";"US30";"US30";"M1/M5 Çoklu Radar";"BUY";"0.3";"-";"51203";"2026-10-08 22:22:50";"51209.8";"2026-10-08 22:28:49";"5 dk 59 sn";"🛑 Zarar Durdur (SL)";"-";"-";"+6.8";"+4.74";"-";"KAZANÇ (WIN)"
"MT5-1997390604";"XAUUSD";"XAUUSD";"M1/M5 Çoklu Radar";"BUY";"0.02";"-";"4129.38";"2026-10-08 22:10:15";"4131.22";"2026-10-08 22:28:33";"18 dk 18 sn";"🛑 Zarar Durdur (SL)";"-";"-";"+18.4";"+3.68";"-";"KAZANÇ (WIN)"
"MT5-1997388791";"US30";"US30";"M1/M5 Çoklu Radar";"BUY";"0.3";"-";"51143";"2026-10-08 22:08:42";"51200.8";"2026-10-08 22:22:47";"14 dk 5 sn";"🎯 Kâr Al (TP)";"-";"-";"+57.8";"+15.39";"-";"KAZANÇ (WIN)"
"MT5-1997262106";"GBPUSD";"GBPUSD";"IC Markets MT5";"BUY";"0.1";"-";"1.32267";"2026-10-08 20:56:32";"1.32247";"2026-10-08 21:52:34";"56 dk 2 sn";"🛑 Zarar (SL/Piyasa)";"-";"-";"-2.0";"-2.00";"-";"KAYIP (LOSS)"
"MT5-1997260762";"XAUUSD";"XAUUSD";"IC Markets MT5";"BUY";"0.03";"-";"4132.63";"2026-10-08 20:55:56";"4126.23";"2026-10-08 21:52:34";"56 dk 38 sn";"🛑 Zarar (SL/Piyasa)";"-";"-";"-64.0";"-19.20";"-";"KAYIP (LOSS)"
"MT5-1997243686";"GBPUSD";"GBPUSD";"IC Markets MT5";"BUY";"0.1";"-";"1.3228";"2026-10-08 20:48:04";"1.32247";"2026-10-08 21:52:34";"64 dk 30 sn";"🛑 Zarar (SL/Piyasa)";"-";"-";"-3.3";"-3.30";"-";"KAYIP (LOSS)"
"MT5-1997242537";"XAUUSD";"XAUUSD";"IC Markets MT5";"BUY";"0.02";"-";"4131.74";"2026-10-08 20:47:22";"4126.23";"2026-10-08 21:52:34";"65 dk 12 sn";"🛑 Zarar (SL/Piyasa)";"-";"-";"-55.1";"-11.02";"-";"KAYIP (LOSS)"
"MT5-1997222116";"GBPUSD";"GBPUSD";"IC Markets MT5";"BUY";"0.1";"-";"1.32309";"2026-10-08 20:36:15";"1.32247";"2026-10-08 21:52:34";"76 dk 19 sn";"🛑 Zarar (SL/Piyasa)";"-";"-";"-6.2";"-6.20";"-";"KAYIP (LOSS)"
"MT5-1997351921";"US30";"US30";"IC Markets MT5";"BUY";"0.2";"-";"51174.5";"2026-10-08 21:46:22";"51180.8";"2026-10-08 21:51:15";"4 dk 53 sn";"🛑 Zarar Durdur (SL)";"-";"-";"+6.3";"+1.26";"-";"KAZANÇ (WIN)"
"MT5-1997257214";"BTCUSD";"BTCUSD";"IC Markets MT5";"SELL";"0.1";"-";"80621.89";"2026-10-08 20:54:15";"80577.05";"2026-10-08 21:05:59";"11 dk 44 sn";"🛑 Zarar Durdur (SL)";"-";"-";"+44.8";"+4.48";"-";"KAZANÇ (WIN)"
"MT5-1997263181";"BTCUSD";"BTCUSD";"IC Markets MT5";"SELL";"0.1";"-";"80601.91";"2026-10-08 20:57:19";"80563.63";"2026-10-08 21:05:50";"8 dk 31 sn";"🛑 Zarar Durdur (SL)";"-";"-";"+38.3";"+3.83";"-";"KAZANÇ (WIN)"