Bilet No;Parite;Sembol;Yön;Lot;Giriş Fiyatı;Çıkış Fiyatı;Kapanış Zamanı (UTC);Çıkış Nedeni;Kâr/Zarar (Pip);Net Getiri (USD);Sonuç
"MT5-1983610379";"GBPUSD";"GBPUSD";"BUY";"0.05";"1.32483";"1.32402";"2026-10-02 18:04:31 UTC";"🛑 Zarar Durdur (SL)";"-8.1";"-4.05";"KAYIP (LOSS)"
"MT5-1983243641";"AUDUSD";"AUDUSD";"BUY";"0.05";"0.69709";"0.69627";"2026-10-02 18:03:45 UTC";"🛑 Zarar Durdur (SL)";"-8.2";"-4.10";"KAYIP (LOSS)"
"MT5-1983236950";"AUDUSD";"AUDUSD";"BUY";"0.05";"0.69699";"0.69627";"2026-10-02 18:03:45 UTC";"🛑 Zarar Durdur (SL)";"-7.2";"-3.60";"KAYIP (LOSS)"
"MT5-1983571602";"AUDUSD";"AUDUSD";"BUY";"0.05";"0.6971";"0.6963";"2026-10-02 18:03:44 UTC";"🛑 Zarar Durdur (SL)";"-8";"-4.00";"KAYIP (LOSS)"
"MT5-1983610054";"EURUSD";"EURUSD";"BUY";"0.05";"1.1273900000000001";"1.12761";"2026-10-02 18:01:02 UTC";"🛑 Zarar Durdur (SL)";"+2.2";"+1.10";"KAZANÇ (WIN)"
"MT5-1983545789";"EURUSD";"EURUSD";"BUY";"0.05";"1.12822";"1.12745";"2026-10-02 17:50:23 UTC";"🛑 Zarar Durdur (SL)";"-7.7";"-3.85";"KAYIP (LOSS)"
"MT5-1983549759";"EURUSD";"EURUSD";"BUY";"0.05";"1.12833";"1.12753";"2026-10-02 17:50:16 UTC";"🛑 Zarar Durdur (SL)";"-8";"-4.00";"KAYIP (LOSS)"
"MT5-1983581589";"EURUSD";"EURUSD";"BUY";"0.05";"1.12841";"1.12759";"2026-10-02 17:50:10 UTC";"🛑 Zarar Durdur (SL)";"-8.2";"-4.10";"KAYIP (LOSS)"
"MT5-1983490688";"EURUSD";"EURUSD";"BUY";"0.02";"1.12768";"1.12818";"2026-10-02 17:33:19 UTC";"🛑 Zarar Durdur (SL)";"+5";"+1.00";"KAZANÇ (WIN)"
"MT5-1983490949";"GBPUSD";"GBPUSD";"BUY";"0.02";"1.32429";"1.32477";"2026-10-02 17:33:12 UTC";"🛑 Zarar Durdur (SL)";"+4.8";"+0.96";"KAZANÇ (WIN)"
"MT5-1983490949";"GBPUSD";"GBPUSD";"BUY";"0.03";"1.32429";"1.32511";"2026-10-02 17:30:57 UTC";"Scalper Partial";"+8.2";"+2.46";"KAZANÇ (WIN)"
"MT5-1983490688";"EURUSD";"EURUSD";"BUY";"0.03";"1.12768";"1.12847";"2026-10-02 17:30:56 UTC";"Scalper Partial";"+7.9";"+2.37";"KAZANÇ (WIN)"
"MT5-1983382548";"AUDUSD";"AUDUSD";"BUY";"0.05";"0.69715";"0.69634";"2026-10-02 17:21:26 UTC";"🛑 Zarar Durdur (SL)";"-8.1";"-4.05";"KAYIP (LOSS)"
"MT5-1983402333";"USDCAD";"USDCAD";"SELL";"0.05";"1.42246";"1.4234";"2026-10-02 17:21:21 UTC";"Scalper Close";"-9.4";"-3.30";"KAYIP (LOSS)"
"MT5-1983368577";"USDCAD";"USDCAD";"SELL";"0.05";"1.4226";"1.4234";"2026-10-02 17:21:20 UTC";"Scalper Close";"-8";"-2.81";"KAYIP (LOSS)"
"MT5-1983329756";"USDCAD";"USDCAD";"SELL";"0.05";"1.42268";"1.42339";"2026-10-02 17:21:20 UTC";"Scalper Close";"-7.1";"-2.49";"KAYIP (LOSS)"
"MT5-1983198659";"AUDUSD";"AUDUSD";"BUY";"0.05";"0.69693";"0.69714";"2026-10-02 17:00:28 UTC";"🛑 Zarar Durdur (SL)";"+2.1";"+1.05";"KAZANÇ (WIN)"
"MT5-1983329885";"US30";"US30";"BUY";"0.2";"51206.2";"51210";"2026-10-02 16:53:57 UTC";"🛑 Zarar Durdur (SL)";"+3.8";"+0.76";"KAZANÇ (WIN)"
"MT5-1983320259";"US30";"US30";"BUY";"0.2";"51296.7";"51215";"2026-10-02 16:53:25 UTC";"🛑 Zarar Durdur (SL)";"-81.7";"-16.34";"KAYIP (LOSS)"
"MT5-1983315381";"US30";"US30";"BUY";"0.2";"51276.7";"51293";"2026-10-02 16:51:27 UTC";"🛑 Zarar Durdur (SL)";"+16.3";"+3.26";"KAZANÇ (WIN)"
"MT5-1983304308";"US30";"US30";"BUY";"0.2";"51257.7";"51274";"2026-10-02 16:50:20 UTC";"🛑 Zarar Durdur (SL)";"+16.3";"+3.26";"KAZANÇ (WIN)"
"MT5-1983293903";"NAS100";"NAS100";"BUY";"0.2";"30906.4";"30915.8";"2026-10-02 16:48:18 UTC";"🛑 Zarar Durdur (SL)";"+9.4";"+1.88";"KAZANÇ (WIN)"
"MT5-1983262741";"NAS100";"NAS100";"BUY";"0.1";"30835.5";"30921.2";"2026-10-02 16:45:16 UTC";"🎯 Kâr Al (TP)";"+85.7";"+8.57";"KAZANÇ (WIN)"
"MT5-1983262741";"NAS100";"NAS100";"BUY";"0.1";"30835.5";"30892.8";"2026-10-02 16:43:10 UTC";"Scalper Partial";"+57.3";"+5.73";"KAZANÇ (WIN)"
"MT5-1983258730";"US30";"US30";"BUY";"0.2";"51246.7";"51251.5";"2026-10-02 16:41:39 UTC";"🛑 Zarar Durdur (SL)";"+4.8";"+0.96";"KAZANÇ (WIN)"
"MT5-1983140610";"GBPUSD";"GBPUSD";"BUY";"0.02";"1.32185";"1.32227";"2026-10-02 16:33:08 UTC";"🛑 Zarar Durdur (SL)";"+4.2";"+0.84";"KAZANÇ (WIN)"
"MT5-1983144459";"GBPUSD";"GBPUSD";"BUY";"0.05";"1.32218";"1.32249";"2026-10-02 16:33:02 UTC";"🛑 Zarar Durdur (SL)";"+3.1";"+1.55";"KAZANÇ (WIN)"
"MT5-1983006540";"AUDUSD";"AUDUSD";"BUY";"0.05";"0.69657";"0.69684";"2026-10-02 16:31:09 UTC";"🛑 Zarar Durdur (SL)";"+2.7";"+1.35";"KAZANÇ (WIN)"
"MT5-1983170711";"AUDUSD";"AUDUSD";"BUY";"0.05";"0.69672";"0.69689";"2026-10-02 16:30:59 UTC";"🛑 Zarar Durdur (SL)";"+1.7";"+0.85";"KAZANÇ (WIN)"
"MT5-1983164479";"AUDUSD";"AUDUSD";"BUY";"0.05";"0.69667";"0.69689";"2026-10-02 16:30:59 UTC";"🛑 Zarar Durdur (SL)";"+2.2";"+1.10";"KAZANÇ (WIN)"
"MT5-1983140610";"GBPUSD";"GBPUSD";"BUY";"0.03";"1.32185";"1.32275";"2026-10-02 16:28:29 UTC";"Scalper Partial";"+9";"+2.70";"KAZANÇ (WIN)"
"MT5-1983124511";"GBPUSD";"GBPUSD";"BUY";"0.02";"1.32123";"1.32166";"2026-10-02 16:22:16 UTC";"🛑 Zarar Durdur (SL)";"+4.3";"+0.86";"KAZANÇ (WIN)"
"MT5-1983124511";"GBPUSD";"GBPUSD";"BUY";"0.03";"1.32123";"1.3221";"2026-10-02 16:20:58 UTC";"Scalper Partial";"+8.7";"+2.61";"KAZANÇ (WIN)"
"MT5-1983084164";"USDJPY";"USDJPY";"SELL";"0.05";"157.279";"157.445";"2026-10-02 16:15:55 UTC";"🛑 Zarar Durdur (SL)";"-16.6";"-5.27";"KAYIP (LOSS)"
"MT5-1983083837";"GBPUSD";"GBPUSD";"BUY";"0.05";"1.32209";"1.32118";"2026-10-02 16:14:49 UTC";"🛑 Zarar Durdur (SL)";"-9.1";"-4.55";"KAYIP (LOSS)"
"MT5-1983054597";"USDJPY";"USDJPY";"SELL";"0.05";"157.102";"157.261";"2026-10-02 16:07:42 UTC";"🛑 Zarar Durdur (SL)";"-15.9";"-5.06";"KAYIP (LOSS)"
"MT5-1983047563";"USDJPY";"USDJPY";"SELL";"0.05";"157.083";"157.237";"2026-10-02 16:07:22 UTC";"🛑 Zarar Durdur (SL)";"-15.4";"-4.90";"KAYIP (LOSS)"
"MT5-1983020741";"USDJPY";"USDJPY";"SELL";"0.05";"157.172";"157.128";"2026-10-02 16:04:24 UTC";"🛑 Zarar Durdur (SL)";"+4.4";"+1.40";"KAZANÇ (WIN)"
"MT5-1982932348";"USDJPY";"USDJPY";"SELL";"0.05";"157.197";"157.169";"2026-10-02 16:00:38 UTC";"🛑 Zarar Durdur (SL)";"+2.8";"+0.89";"KAZANÇ (WIN)"
"MT5-1982971999";"AUDUSD";"AUDUSD";"BUY";"0.02";"0.69595";"0.69691";"2026-10-02 15:58:57 UTC";"🎯 Kâr Al (TP)";"+9.6";"+1.92";"KAZANÇ (WIN)"
"MT5-1982971999";"AUDUSD";"AUDUSD";"BUY";"0.03";"0.69595";"0.69668";"2026-10-02 15:58:10 UTC";"Scalper Partial";"+7.3";"+2.19";"KAZANÇ (WIN)"
"MT5-1982971833";"GBPUSD";"GBPUSD";"BUY";"0.02";"1.32263";"1.32304";"2026-10-02 15:56:00 UTC";"🛑 Zarar Durdur (SL)";"+4.1";"+0.82";"KAZANÇ (WIN)"
"MT5-1982971833";"GBPUSD";"GBPUSD";"BUY";"0.03";"1.32263";"1.32335";"2026-10-02 15:55:51 UTC";"Scalper Partial";"+7.2";"+2.16";"KAZANÇ (WIN)"
"MT5-1982965106";"GBPUSD";"GBPUSD";"BUY";"0.05";"1.3223799999999999";"1.32263";"2026-10-02 15:51:05 UTC";"🛑 Zarar Durdur (SL)";"+2.5";"+1.25";"KAZANÇ (WIN)"
"MT5-1982931997";"GBPUSD";"GBPUSD";"BUY";"0.05";"1.32215";"1.3223500000000001";"2026-10-02 15:50:05 UTC";"🛑 Zarar Durdur (SL)";"+2";"+1.00";"KAZANÇ (WIN)"
"MT5-1982905413";"USDCHF";"USDCHF";"SELL";"0.05";"0.82516";"0.82643";"2026-10-02 15:50:01 UTC";"🛑 Zarar Durdur (SL)";"-12.7";"-7.68";"KAYIP (LOSS)"
"MT5-1982509473";"ETHUSD";"ETHUSD";"BUY";"0.02";"2749.69";"2735.02";"2026-10-02 15:43:56 UTC";"🛑 Zarar Durdur (SL)";"-14.7";"-0.29";"KAYIP (LOSS)"
"MT5-1982905620";"BTCUSD";"BTCUSD";"BUY";"0.02";"86741";"86599.73";"2026-10-02 15:41:45 UTC";"🛑 Zarar Durdur (SL)";"-141.3";"-2.83";"KAYIP (LOSS)"
"MT5-1982709227";"USDCAD";"USDCAD";"BUY";"0.05";"1.42398";"1.42316";"2026-10-02 15:30:01 UTC";"🛑 Zarar Durdur (SL)";"-8.2";"-2.88";"KAYIP (LOSS)"
"MT5-1982720812";"USDCAD";"USDCAD";"BUY";"0.05";"1.42413";"1.42313";"2026-10-02 15:30:00 UTC";"🛑 Zarar Durdur (SL)";"-10";"-3.51";"KAYIP (LOSS)"
"MT5-1982713628";"USDCAD";"USDCAD";"BUY";"0.05";"1.42413";"1.42313";"2026-10-02 15:30:00 UTC";"🛑 Zarar Durdur (SL)";"-10";"-3.51";"KAYIP (LOSS)"
"MT5-1982707469";"EURUSD";"EURUSD";"SELL";"0.05";"1.1226099999999999";"1.12342";"2026-10-02 15:29:58 UTC";"🛑 Zarar Durdur (SL)";"-8.1";"-4.05";"KAYIP (LOSS)"
"MT5-1982721389";"EURUSD";"EURUSD";"SELL";"0.05";"1.1223";"1.12321";"2026-10-02 15:29:37 UTC";"🛑 Zarar Durdur (SL)";"-9.1";"-4.55";"KAYIP (LOSS)"
"MT5-1982715258";"EURUSD";"EURUSD";"SELL";"0.05";"1.12236";"1.12321";"2026-10-02 15:29:37 UTC";"🛑 Zarar Durdur (SL)";"-8.5";"-4.25";"KAYIP (LOSS)"
"MT5-1982658094";"EURUSD";"EURUSD";"SELL";"0.02";"1.12328";"1.12231";"2026-10-02 15:13:21 UTC";"🎯 Kâr Al (TP)";"+9.7";"+1.94";"KAZANÇ (WIN)"
"MT5-1982653317";"EURUSD";"EURUSD";"SELL";"0.02";"1.12333";"1.12236";"2026-10-02 15:11:34 UTC";"🎯 Kâr Al (TP)";"+9.7";"+1.94";"KAZANÇ (WIN)"
"MT5-1982646464";"EURUSD";"EURUSD";"SELL";"0.02";"1.12342";"1.12247";"2026-10-02 15:08:31 UTC";"🎯 Kâr Al (TP)";"+9.5";"+1.90";"KAZANÇ (WIN)"
"MT5-1982658094";"EURUSD";"EURUSD";"SELL";"0.03";"1.12328";"1.12256";"2026-10-02 15:06:53 UTC";"Scalper Partial";"+7.2";"+2.16";"KAZANÇ (WIN)"
"MT5-1982653317";"EURUSD";"EURUSD";"SELL";"0.03";"1.12333";"1.12262";"2026-10-02 15:06:36 UTC";"Scalper Partial";"+7.1";"+2.13";"KAZANÇ (WIN)"
"MT5-1982646464";"EURUSD";"EURUSD";"SELL";"0.03";"1.12342";"1.12268";"2026-10-02 15:05:54 UTC";"Scalper Partial";"+7.4";"+2.22";"KAZANÇ (WIN)"
"MT5-1982586810";"USDCAD";"USDCAD";"BUY";"0.05";"1.42419";"1.42337";"2026-10-02 15:05:04 UTC";"🛑 Zarar Durdur (SL)";"-8.2";"-2.88";"KAYIP (LOSS)"
"MT5-1982593838";"USDCAD";"USDCAD";"BUY";"0.05";"1.4243000000000001";"1.42346";"2026-10-02 15:04:49 UTC";"🛑 Zarar Durdur (SL)";"-8.4";"-2.95";"KAYIP (LOSS)"
"MT5-1982595578";"USDCAD";"USDCAD";"BUY";"0.05";"1.4243299999999999";"1.42354";"2026-10-02 15:04:07 UTC";"🛑 Zarar Durdur (SL)";"-7.9";"-2.77";"KAYIP (LOSS)"
"MT5-1982633128";"GBPUSD";"GBPUSD";"BUY";"0.05";"1.32118";"1.32049";"2026-10-02 14:52:18 UTC";"Scalper Close";"-6.9";"-3.45";"KAYIP (LOSS)"
"MT5-1982630440";"GBPUSD";"GBPUSD";"BUY";"0.05";"1.32112";"1.32049";"2026-10-02 14:52:18 UTC";"Scalper Close";"-6.3";"-3.15";"KAYIP (LOSS)"
"MT5-1982614903";"GBPUSD";"GBPUSD";"BUY";"0.05";"1.32103";"1.32049";"2026-10-02 14:52:17 UTC";"Scalper Close";"-5.4";"-2.70";"KAYIP (LOSS)"
"MT5-1982599866";"BTCUSD";"BTCUSD";"BUY";"0.02";"86421.02";"86470.85";"2026-10-02 14:32:21 UTC";"🛑 Zarar Durdur (SL)";"+49.8";"+1.00";"KAZANÇ (WIN)"
"MT5-1982589492";"GBPUSD";"GBPUSD";"SELL";"0.05";"1.32061";"1.32114";"2026-10-02 14:26:15 UTC";"Scalper Close";"-5.3";"-2.65";"KAYIP (LOSS)"
"MT5-1982586766";"GBPUSD";"GBPUSD";"SELL";"0.05";"1.3207";"1.32114";"2026-10-02 14:26:15 UTC";"Scalper Close";"-4.4";"-2.20";"KAYIP (LOSS)"
"MT5-1982597905";"BTCUSD";"BTCUSD";"BUY";"0.02";"86439.16";"86405.81";"2026-10-02 14:25:33 UTC";"🛑 Zarar Durdur (SL)";"-33.4";"-0.67";"KAYIP (LOSS)"
"MT5-1982590357";"BTCUSD";"BTCUSD";"BUY";"0.02";"86453.36";"86418.53";"2026-10-02 14:23:28 UTC";"🛑 Zarar Durdur (SL)";"-34.8";"-0.70";"KAYIP (LOSS)"
"MT5-1982375201";"USDCAD";"USDCAD";"BUY";"0.05";"1.42378";"1.42408";"2026-10-02 14:18:08 UTC";"🛑 Zarar Durdur (SL)";"+3";"+1.05";"KAZANÇ (WIN)"
"MT5-1982431561";"USDCAD";"USDCAD";"BUY";"0.05";"1.4239";"1.42414";"2026-10-02 14:17:41 UTC";"🛑 Zarar Durdur (SL)";"+2.4";"+0.84";"KAZANÇ (WIN)"
"MT5-1982428132";"USDCAD";"USDCAD";"BUY";"0.05";"1.4239";"1.42414";"2026-10-02 14:17:41 UTC";"🛑 Zarar Durdur (SL)";"+2.4";"+0.84";"KAZANÇ (WIN)"
"MT5-1982553341";"EURUSD";"EURUSD";"SELL";"0.05";"1.12297";"1.12379";"2026-10-02 14:17:41 UTC";"🛑 Zarar Durdur (SL)";"-8.2";"-4.10";"KAYIP (LOSS)"
"MT5-1982556747";"EURUSD";"EURUSD";"SELL";"0.05";"1.12277";"1.12358";"2026-10-02 14:16:25 UTC";"🛑 Zarar Durdur (SL)";"-8.1";"-4.05";"KAYIP (LOSS)"
"MT5-1982570543";"BTCUSD";"BTCUSD";"BUY";"0.02";"86432.85";"86405.78";"2026-10-02 14:14:01 UTC";"🛑 Zarar Durdur (SL)";"-27.1";"-0.54";"KAYIP (LOSS)"
"MT5-1982571895";"BTCUSD";"BTCUSD";"BUY";"0.02";"86474";"86434.15";"2026-10-02 14:12:02 UTC";"🛑 Zarar Durdur (SL)";"-39.9";"-0.80";"KAYIP (LOSS)"
"MT5-1982558769";"BTCUSD";"BTCUSD";"BUY";"0.02";"86374.78";"86483.25";"2026-10-02 14:10:39 UTC";"🎯 Kâr Al (TP)";"+108.5";"+2.17";"KAZANÇ (WIN)"
"MT5-1982556710";"BTCUSD";"BTCUSD";"BUY";"0.02";"86369.98";"86470.51";"2026-10-02 14:10:37 UTC";"🎯 Kâr Al (TP)";"+100.5";"+2.01";"KAZANÇ (WIN)"
"MT5-1982561744";"BTCUSD";"BTCUSD";"BUY";"0.02";"86389.59";"86440.09";"2026-10-02 14:10:19 UTC";"🛑 Zarar Durdur (SL)";"+50.5";"+1.01";"KAZANÇ (WIN)"
"MT5-1982553268";"BTCUSD";"BTCUSD";"BUY";"0.02";"86330.61";"86389.42";"2026-10-02 14:07:16 UTC";"🛑 Zarar Durdur (SL)";"+58.8";"+1.18";"KAZANÇ (WIN)"
"MT5-1982469698";"EURUSD";"EURUSD";"SELL";"0.05";"1.12362";"1.12328";"2026-10-02 14:06:55 UTC";"🛑 Zarar Durdur (SL)";"+3.4";"+1.70";"KAZANÇ (WIN)"
"MT5-1982390892";"EURUSD";"EURUSD";"SELL";"0.05";"1.12479";"1.12277";"2026-10-02 14:04:53 UTC";"🎯 Kâr Al (TP)";"+20.2";"+10.10";"KAZANÇ (WIN)"
"MT5-1982388235";"EURUSD";"EURUSD";"SELL";"0.05";"1.12483";"1.12282";"2026-10-02 14:03:49 UTC";"🎯 Kâr Al (TP)";"+20.1";"+10.05";"KAZANÇ (WIN)"
"MT5-1982523990";"GBPUSD";"GBPUSD";"BUY";"0.05";"1.32105";"1.32031";"2026-10-02 14:03:18 UTC";"Scalper Close";"-7.4";"-3.70";"KAYIP (LOSS)"
"MT5-1982499172";"USDCHF";"USDCHF";"SELL";"0.05";"0.82779";"0.82859";"2026-10-02 13:50:26 UTC";"🛑 Zarar Durdur (SL)";"-8";"-4.83";"KAYIP (LOSS)"
"MT5-1982496912";"USDCHF";"USDCHF";"SELL";"0.05";"0.82778";"0.82858";"2026-10-02 13:50:25 UTC";"🛑 Zarar Durdur (SL)";"-8";"-4.83";"KAYIP (LOSS)"
"MT5-1982509433";"BTCUSD";"BTCUSD";"BUY";"0.02";"86405.75";"86366.1";"2026-10-02 13:46:03 UTC";"🛑 Zarar Durdur (SL)";"-39.6";"-0.79";"KAYIP (LOSS)"
"MT5-1982495034";"USDCHF";"USDCHF";"SELL";"0.05";"0.82798";"0.82779";"2026-10-02 13:45:40 UTC";"🛑 Zarar Durdur (SL)";"+1.9";"+1.15";"KAZANÇ (WIN)"
"MT5-1982494799";"USDJPY";"USDJPY";"SELL";"0.05";"157.552";"157.632";"2026-10-02 13:42:32 UTC";"🛑 Zarar Durdur (SL)";"-8";"-2.54";"KAYIP (LOSS)"
"MT5-1982493801";"BTCUSD";"BTCUSD";"BUY";"0.02";"86442.47";"86392.88";"2026-10-02 13:37:01 UTC";"🛑 Zarar Durdur (SL)";"-49.6";"-0.99";"KAYIP (LOSS)"
"MT5-1982488494";"BTCUSD";"BTCUSD";"BUY";"0.02";"86387.45";"86437.35";"2026-10-02 13:36:10 UTC";"🛑 Zarar Durdur (SL)";"+49.9";"+1.00";"KAZANÇ (WIN)"
"MT5-1982485983";"BTCUSD";"BTCUSD";"BUY";"0.02";"86366.43";"86480.29";"2026-10-02 13:35:59 UTC";"🎯 Kâr Al (TP)";"+113.9";"+2.28";"KAZANÇ (WIN)"
"MT5-1982465041";"NAS100";"NAS100";"BUY";"0.2";"30675.2";"30725.7";"2026-10-02 13:35:44 UTC";"🎯 Kâr Al (TP)";"+50.5";"+10.10";"KAZANÇ (WIN)"
"MT5-1982484128";"BTCUSD";"BTCUSD";"BUY";"0.02";"86337.69";"86438.12";"2026-10-02 13:35:24 UTC";"🎯 Kâr Al (TP)";"+100.4";"+2.01";"KAZANÇ (WIN)"
"MT5-1982478575";"US30";"US30";"BUY";"0.2";"51136.5";"51131.3";"2026-10-02 13:31:26 UTC";"🛑 Zarar Durdur (SL)";"-5.2";"-1.04";"KAYIP (LOSS)"
"MT5-1982465138";"US30";"US30";"BUY";"0.2";"51079";"51140.8";"2026-10-02 13:30:00 UTC";"🎯 Kâr Al (TP)";"+61.8";"+12.36";"KAZANÇ (WIN)"
"MT5-1982464924";"USDCHF";"USDCHF";"SELL";"0.05";"0.82827";"0.82797";"2026-10-02 13:29:33 UTC";"🛑 Zarar Durdur (SL)";"+3";"+1.81";"KAZANÇ (WIN)"
"MT5-1982459527";"EURUSD";"EURUSD";"SELL";"0.05";"1.12287";"1.12368";"2026-10-02 13:25:46 UTC";"🛑 Zarar Durdur (SL)";"-8.1";"-4.05";"KAYIP (LOSS)"
"MT5-1982449415";"USDCHF";"USDCHF";"SELL";"0.05";"0.82752";"0.82831";"2026-10-02 13:24:21 UTC";"🛑 Zarar Durdur (SL)";"-7.9";"-4.77";"KAYIP (LOSS)"
"MT5-1982375331";"ETHUSD";"ETHUSD";"BUY";"0.02";"2750.59";"2730.96";"2026-10-02 13:24:20 UTC";"🛑 Zarar Durdur (SL)";"-19.6";"-0.39";"KAYIP (LOSS)"
"MT5-1982375210";"EURUSD";"EURUSD";"SELL";"0.05";"1.12488";"1.12287";"2026-10-02 13:22:57 UTC";"🎯 Kâr Al (TP)";"+20.1";"+10.05";"KAZANÇ (WIN)"
"MT5-1982449234";"BTCUSD";"BTCUSD";"BUY";"0.02";"86321.96";"86266.67";"2026-10-02 13:22:47 UTC";"🛑 Zarar Durdur (SL)";"-55.3";"-1.11";"KAYIP (LOSS)"
"MT5-1982425969";"GBPUSD";"GBPUSD";"BUY";"0.05";"1.32099";"1.3201800000000001";"2026-10-02 13:20:37 UTC";"🛑 Zarar Durdur (SL)";"-8.1";"-4.05";"KAYIP (LOSS)"
"MT5-1982425770";"BTCUSD";"BTCUSD";"BUY";"0.02";"86352.87";"86312.25";"2026-10-02 13:13:40 UTC";"🛑 Zarar Durdur (SL)";"-40.6";"-0.81";"KAYIP (LOSS)"
"MT5-1982375409";"USDJPY";"USDJPY";"SELL";"0.05";"157.601";"157.682";"2026-10-02 13:12:54 UTC";"🛑 Zarar Durdur (SL)";"-8.1";"-2.57";"KAYIP (LOSS)"
"MT5-1982375434";"NAS100";"NAS100";"BUY";"0.2";"30738.3";"30717.8";"2026-10-02 13:02:35 UTC";"🛑 Zarar Durdur (SL)";"-20.5";"-4.10";"KAYIP (LOSS)"
"MT5-1982375397";"BTCUSD";"BTCUSD";"BUY";"0.02";"86401.89";"86350.25";"2026-10-02 12:57:35 UTC";"🛑 Zarar Durdur (SL)";"-51.6";"-1.03";"KAYIP (LOSS)"
"MT5-1981469438";"ETHUSD";"ETHUSD";"BUY";"0.02";"2718.57";"2759.07";"2026-10-02 11:17:19 UTC";"🎯 Kâr Al (TP)";"+40.5";"+0.81";"KAZANÇ (WIN)"
"MT5-1981094399";"ETHUSD";"ETHUSD";"BUY";"0.02";"2704.78";"2758.2";"2026-10-02 11:17:18 UTC";"🎯 Kâr Al (TP)";"+53.4";"+1.07";"KAZANÇ (WIN)"
"MT5-1981111654";"ETHUSD";"ETHUSD";"BUY";"0.02";"2704.21";"2753.42";"2026-10-02 11:17:14 UTC";"🎯 Kâr Al (TP)";"+49.2";"+0.98";"KAZANÇ (WIN)"
"MT5-1981979941";"EURUSD";"EURUSD";"BUY";"0.05";"1.12639";"1.12558";"2026-10-02 10:44:27 UTC";"🛑 Zarar Durdur (SL)";"-8.1";"-4.05";"KAYIP (LOSS)"
"MT5-1981916468";"EURUSD";"EURUSD";"BUY";"0.05";"1.12577";"1.12608";"2026-10-02 10:30:14 UTC";"🛑 Zarar Durdur (SL)";"+3.1";"+1.55";"KAZANÇ (WIN)"
"MT5-1981974241";"EURUSD";"EURUSD";"BUY";"0.05";"1.12587";"1.12614";"2026-10-02 10:29:51 UTC";"🛑 Zarar Durdur (SL)";"+2.7";"+1.35";"KAZANÇ (WIN)"
"MT5-1981916415";"GBPUSD";"GBPUSD";"BUY";"0.05";"1.32148";"1.32069";"2026-10-02 10:06:21 UTC";"🛑 Zarar Durdur (SL)";"-7.9";"-3.95";"KAYIP (LOSS)"
"MT5-1981696157";"USDCAD";"USDCAD";"SELL";"0.05";"1.42144";"1.42224";"2026-10-02 09:51:32 UTC";"🛑 Zarar Durdur (SL)";"-8";"-2.81";"KAYIP (LOSS)"
"MT5-1981791546";"USDCAD";"USDCAD";"SELL";"0.05";"1.42127";"1.42208";"2026-10-02 09:46:37 UTC";"🛑 Zarar Durdur (SL)";"-8.1";"-2.85";"KAYIP (LOSS)"
"MT5-1981782849";"USDCAD";"USDCAD";"SELL";"0.05";"1.42122";"1.42203";"2026-10-02 09:46:31 UTC";"🛑 Zarar Durdur (SL)";"-8.1";"-2.85";"KAYIP (LOSS)"
"MT5-1981371155";"USDCAD";"USDCAD";"SELL";"0.05";"1.42231";"1.42183";"2026-10-02 08:55:51 UTC";"🛑 Zarar Durdur (SL)";"+4.8";"+1.69";"KAZANÇ (WIN)"
"MT5-1981369367";"USDCAD";"USDCAD";"SELL";"0.05";"1.42231";"1.42183";"2026-10-02 08:55:51 UTC";"🛑 Zarar Durdur (SL)";"+4.8";"+1.69";"KAZANÇ (WIN)"
"MT5-1981469492";"USDCAD";"USDCAD";"SELL";"0.05";"1.4219";"1.42164";"2026-10-02 08:02:58 UTC";"🛑 Zarar Durdur (SL)";"+2.6";"+0.91";"KAZANÇ (WIN)"
"MT5-1981313074";"EURUSD";"EURUSD";"SELL";"0.05";"1.1238299999999999";"1.12473";"2026-10-02 06:14:55 UTC";"Scalper Close";"-9";"-4.50";"KAYIP (LOSS)"
"MT5-1981353694";"USDJPY";"USDJPY";"SELL";"0.05";"157.902";"158.024";"2026-10-02 05:52:12 UTC";"🛑 Zarar Durdur (SL)";"-12.2";"-3.86";"KAYIP (LOSS)"
"MT5-1981351010";"USDJPY";"USDJPY";"SELL";"0.05";"157.897";"158.019";"2026-10-02 05:51:57 UTC";"🛑 Zarar Durdur (SL)";"-12.2";"-3.86";"KAYIP (LOSS)"
"MT5-1981374167";"NAS100";"NAS100";"BUY";"0.2";"30595";"30599.4";"2026-10-02 05:45:09 UTC";"🛑 Zarar Durdur (SL)";"+4.4";"+0.88";"KAZANÇ (WIN)"
"MT5-1981374207";"US30";"US30";"BUY";"0.2";"50991";"50995.3";"2026-10-02 05:36:30 UTC";"🛑 Zarar Durdur (SL)";"+4.3";"+0.86";"KAZANÇ (WIN)"
"MT5-1981360776";"BTCUSD";"BTCUSD";"BUY";"0.02";"84882.14";"84820.24";"2026-10-02 05:32:10 UTC";"🛑 Zarar Durdur (SL)";"-61.9";"-1.24";"KAYIP (LOSS)"
"MT5-1981370772";"BTCUSD";"BTCUSD";"BUY";"0.02";"84910.53";"84850.06";"2026-10-02 05:31:04 UTC";"🛑 Zarar Durdur (SL)";"-60.5";"-1.21";"KAYIP (LOSS)"
"MT5-1981235674";"NZDUSD";"NZDUSD";"SELL";"0.05";"0.55886";"0.56006";"2026-10-02 05:27:55 UTC";"🛑 Zarar Durdur (SL)";"-12";"-6.00";"KAYIP (LOSS)"
"MT5-1981365910";"BTCUSD";"BTCUSD";"BUY";"0.02";"84853.7";"84902.9";"2026-10-02 05:26:58 UTC";"🛑 Zarar Durdur (SL)";"+49.2";"+0.98";"KAZANÇ (WIN)"
"MT5-1981333676";"USDCAD";"USDCAD";"SELL";"0.05";"1.42251";"1.42232";"2026-10-02 05:26:47 UTC";"🛑 Zarar Durdur (SL)";"+1.9";"+0.67";"KAZANÇ (WIN)"
"MT5-1981329264";"USDCAD";"USDCAD";"SELL";"0.05";"1.42249";"1.42232";"2026-10-02 05:26:47 UTC";"🛑 Zarar Durdur (SL)";"+1.7";"+0.60";"KAZANÇ (WIN)"
"MT5-1981363457";"BTCUSD";"BTCUSD";"BUY";"0.02";"84894.45";"84834.4";"2026-10-02 05:25:01 UTC";"🛑 Zarar Durdur (SL)";"-60.1";"-1.20";"KAYIP (LOSS)"
"MT5-1981361908";"BTCUSD";"BTCUSD";"BUY";"0.02";"84859.76";"84906.7";"2026-10-02 05:24:00 UTC";"🛑 Zarar Durdur (SL)";"+46.9";"+0.94";"KAZANÇ (WIN)"
"MT5-1981359079";"BTCUSD";"BTCUSD";"BUY";"0.02";"84930.19";"84860.84";"2026-10-02 05:22:33 UTC";"🛑 Zarar Durdur (SL)";"-69.4";"-1.39";"KAYIP (LOSS)"
"MT5-1981353454";"BTCUSD";"BTCUSD";"BUY";"0.02";"84932.08";"84876.26";"2026-10-02 05:21:37 UTC";"🛑 Zarar Durdur (SL)";"-55.8";"-1.12";"KAYIP (LOSS)"
"MT5-1981356640";"BTCUSD";"BTCUSD";"BUY";"0.02";"84977.8";"84917.83";"2026-10-02 05:20:14 UTC";"🛑 Zarar Durdur (SL)";"-60";"-1.20";"KAYIP (LOSS)"
"MT5-1981296911";"USDCHF";"USDCHF";"BUY";"0.05";"0.83238";"0.83117";"2026-10-02 05:19:06 UTC";"🛑 Zarar Durdur (SL)";"-12.1";"-7.28";"KAYIP (LOSS)"
"MT5-1981350895";"BTCUSD";"BTCUSD";"BUY";"0.02";"84988.84";"84927.08";"2026-10-02 05:18:15 UTC";"🛑 Zarar Durdur (SL)";"-61.8";"-1.24";"KAYIP (LOSS)"
"MT5-1981348030";"BTCUSD";"BTCUSD";"BUY";"0.02";"85012.32";"84941.89";"2026-10-02 05:18:08 UTC";"🛑 Zarar Durdur (SL)";"-70.4";"-1.41";"KAYIP (LOSS)"
"MT5-1981297148";"GBPUSD";"GBPUSD";"SELL";"0.05";"1.31866";"1.3199";"2026-10-02 05:16:58 UTC";"🛑 Zarar Durdur (SL)";"-12.4";"-6.20";"KAYIP (LOSS)"
"MT5-1981255144";"AUDUSD";"AUDUSD";"SELL";"0.05";"0.69141";"0.69261";"2026-10-02 05:16:06 UTC";"🛑 Zarar Durdur (SL)";"-12";"-6.00";"KAYIP (LOSS)"
"MT5-1981246109";"AUDUSD";"AUDUSD";"SELL";"0.05";"0.69142";"0.69261";"2026-10-02 05:16:06 UTC";"🛑 Zarar Durdur (SL)";"-11.9";"-5.95";"KAYIP (LOSS)"
"MT5-1981333872";"USDCHF";"USDCHF";"BUY";"0.05";"0.83137";"0.83153";"2026-10-02 05:13:23 UTC";"🛑 Zarar Durdur (SL)";"+1.6";"+0.96";"KAZANÇ (WIN)"
"MT5-1981333819";"BTCUSD";"BTCUSD";"BUY";"0.02";"85061.18";"85002.25";"2026-10-02 05:11:53 UTC";"🛑 Zarar Durdur (SL)";"-58.9";"-1.18";"KAYIP (LOSS)"
"MT5-1981326124";"USDJPY";"USDJPY";"BUY";"0.05";"158.002";"157.817";"2026-10-02 05:08:48 UTC";"🛑 Zarar Durdur (SL)";"-18.5";"-5.86";"KAYIP (LOSS)"
"MT5-1981326041";"BTCUSD";"BTCUSD";"BUY";"0.02";"85018.63";"84959.54";"2026-10-02 05:07:24 UTC";"🛑 Zarar Durdur (SL)";"-59.1";"-1.18";"KAYIP (LOSS)"
"MT5-1981255093";"GBPUSD";"GBPUSD";"SELL";"0.05";"1.3184";"1.3195999999999999";"2026-10-02 05:05:33 UTC";"🛑 Zarar Durdur (SL)";"-12";"-6.00";"KAYIP (LOSS)"
"MT5-1981313004";"BTCUSD";"BTCUSD";"BUY";"0.02";"84899.2";"85033.46";"2026-10-02 05:05:27 UTC";"🎯 Kâr Al (TP)";"+134.3";"+2.69";"KAZANÇ (WIN)"
"MT5-1981245975";"USDJPY";"USDJPY";"BUY";"0.05";"158.158";"158.034";"2026-10-02 05:04:22 UTC";"🛑 Zarar Durdur (SL)";"-12.4";"-3.92";"KAYIP (LOSS)"
"MT5-1981246178";"NZDUSD";"NZDUSD";"SELL";"0.05";"0.55869";"0.55989";"2026-10-02 05:01:09 UTC";"🛑 Zarar Durdur (SL)";"-12";"-6.00";"KAYIP (LOSS)"
"MT5-1981235625";"USDJPY";"USDJPY";"BUY";"0.05";"158.191";"158.072";"2026-10-02 05:00:31 UTC";"🛑 Zarar Durdur (SL)";"-11.9";"-3.76";"KAYIP (LOSS)"
"MT5-1981297128";"BTCUSD";"BTCUSD";"BUY";"0.02";"84929.6";"84875.62";"2026-10-02 04:56:41 UTC";"🛑 Zarar Durdur (SL)";"-54";"-1.08";"KAYIP (LOSS)"
"MT5-1981255142";"USDCHF";"USDCHF";"BUY";"0.05";"0.83219";"0.8324";"2026-10-02 04:56:08 UTC";"🛑 Zarar Durdur (SL)";"+2.1";"+1.26";"KAZANÇ (WIN)"
"MT5-1981213151";"GBPUSD";"GBPUSD";"SELL";"0.05";"1.31867";"1.31841";"2026-10-02 04:35:47 UTC";"🛑 Zarar Durdur (SL)";"+2.6";"+1.30";"KAZANÇ (WIN)"
"MT5-1981183853";"GBPUSD";"GBPUSD";"SELL";"0.05";"1.31855";"1.3184";"2026-10-02 04:35:46 UTC";"🛑 Zarar Durdur (SL)";"+1.5";"+0.75";"KAZANÇ (WIN)"
"MT5-1981212914";"EURUSD";"EURUSD";"SELL";"0.05";"1.12354";"1.12335";"2026-10-02 04:35:46 UTC";"🛑 Zarar Durdur (SL)";"+1.9";"+0.95";"KAZANÇ (WIN)"
"MT5-1981132177";"EURUSD";"EURUSD";"SELL";"0.05";"1.12352";"1.12335";"2026-10-02 04:35:46 UTC";"🛑 Zarar Durdur (SL)";"+1.7";"+0.85";"KAZANÇ (WIN)"
"MT5-1981246194";"NAS100";"NAS100";"BUY";"0.2";"30547.8";"30552.4";"2026-10-02 04:34:10 UTC";"🛑 Zarar Durdur (SL)";"+4.6";"+0.92";"KAZANÇ (WIN)"
"MT5-1981064068";"USDCAD";"USDCAD";"SELL";"0.05";"1.42233";"1.42355";"2026-10-02 04:31:22 UTC";"🛑 Zarar Durdur (SL)";"-12.2";"-4.29";"KAYIP (LOSS)"
"MT5-1981055120";"USDCAD";"USDCAD";"SELL";"0.05";"1.42233";"1.42355";"2026-10-02 04:31:22 UTC";"🛑 Zarar Durdur (SL)";"-12.2";"-4.29";"KAYIP (LOSS)"
"MT5-1981235680";"NAS100";"NAS100";"BUY";"0.2";"30546.5";"30551.4";"2026-10-02 04:29:44 UTC";"🛑 Zarar Durdur (SL)";"+4.9";"+0.98";"KAZANÇ (WIN)"
"MT5-1981188786";"NZDUSD";"NZDUSD";"SELL";"0.05";"0.55913";"0.55893";"2026-10-02 04:28:30 UTC";"🛑 Zarar Durdur (SL)";"+2";"+1.00";"KAZANÇ (WIN)"
"MT5-1981189372";"US30";"US30";"BUY";"0.2";"50922";"50885.3";"2026-10-02 04:27:59 UTC";"🛑 Zarar Durdur (SL)";"-36.7";"-7.34";"KAYIP (LOSS)"
"MT5-1981063998";"AUDUSD";"AUDUSD";"SELL";"0.05";"0.69225";"0.69189";"2026-10-02 04:17:14 UTC";"🛑 Zarar Durdur (SL)";"+3.6";"+1.80";"KAZANÇ (WIN)"
"MT5-1981056966";"AUDUSD";"AUDUSD";"SELL";"0.05";"0.69214";"0.69185";"2026-10-02 04:17:08 UTC";"🛑 Zarar Durdur (SL)";"+2.9";"+1.45";"KAZANÇ (WIN)"
"MT5-1981188818";"NAS100";"NAS100";"BUY";"0.2";"30563";"30566.5";"2026-10-02 04:12:44 UTC";"🛑 Zarar Durdur (SL)";"+3.5";"+0.70";"KAZANÇ (WIN)"
"MT5-1981148511";"USDJPY";"USDJPY";"BUY";"0.05";"158.106";"158.146";"2026-10-02 04:10:29 UTC";"🛑 Zarar Durdur (SL)";"+4";"+1.26";"KAZANÇ (WIN)"
"MT5-1981171167";"USDJPY";"USDJPY";"BUY";"0.05";"158.117";"158.148";"2026-10-02 04:10:28 UTC";"🛑 Zarar Durdur (SL)";"+3.1";"+0.98";"KAZANÇ (WIN)"
"MT5-1981100882";"EURUSD";"EURUSD";"SELL";"0.05";"1.12366";"1.12346";"2026-10-02 04:09:56 UTC";"🛑 Zarar Durdur (SL)";"+2";"+1.00";"KAZANÇ (WIN)"
"MT5-1981156544";"USDJPY";"USDJPY";"BUY";"0.05";"158.093";"158.119";"2026-10-02 04:07:40 UTC";"🛑 Zarar Durdur (SL)";"+2.6";"+0.82";"KAZANÇ (WIN)"
"MT5-1981100889";"GBPUSD";"GBPUSD";"SELL";"0.05";"1.3188900000000001";"1.31869";"2026-10-02 04:03:11 UTC";"🛑 Zarar Durdur (SL)";"+2";"+1.00";"KAZANÇ (WIN)"
"MT5-1981132157";"GBPUSD";"GBPUSD";"SELL";"0.05";"1.31878";"1.31859";"2026-10-02 04:01:10 UTC";"🛑 Zarar Durdur (SL)";"+1.9";"+0.95";"KAZANÇ (WIN)"
"MT5-1981132206";"USDJPY";"USDJPY";"BUY";"0.05";"158.114";"158.142";"2026-10-02 04:00:14 UTC";"🛑 Zarar Durdur (SL)";"+2.8";"+0.89";"KAZANÇ (WIN)"
"MT5-1981056048";"US30";"US30";"BUY";"0.2";"50962.5";"50926.3";"2026-10-02 03:55:51 UTC";"🛑 Zarar Durdur (SL)";"-36.2";"-7.24";"KAYIP (LOSS)"
"MT5-1981111497";"USDJPY";"USDJPY";"BUY";"0.05";"158.028";"158.035";"2026-10-02 03:50:19 UTC";"🛑 Zarar Durdur (SL)";"+0.7";"+0.22";"KAZANÇ (WIN)"
"MT5-1981064038";"NZDUSD";"NZDUSD";"SELL";"0.05";"0.55935";"0.55926";"2026-10-02 03:47:39 UTC";"🛑 Zarar Durdur (SL)";"+0.9";"+0.45";"KAZANÇ (WIN)"
"MT5-1981100772";"USDJPY";"USDJPY";"BUY";"0.05";"158.02";"158.025";"2026-10-02 03:45:54 UTC";"🛑 Zarar Durdur (SL)";"+0.5";"+0.16";"KAZANÇ (WIN)"
"MT5-1981075554";"EURUSD";"EURUSD";"SELL";"0.05";"1.12379";"1.12371";"2026-10-02 03:40:16 UTC";"🛑 Zarar Durdur (SL)";"+0.8";"+0.40";"KAZANÇ (WIN)"
"MT5-1981094432";"GBPUSD";"GBPUSD";"SELL";"0.05";"1.31903";"1.31894";"2026-10-02 03:40:16 UTC";"🛑 Zarar Durdur (SL)";"+0.9";"+0.45";"KAZANÇ (WIN)"
"MT5-1981095078";"USDJPY";"USDJPY";"BUY";"0.05";"157.997";"158.012";"2026-10-02 03:39:46 UTC";"🛑 Zarar Durdur (SL)";"+1.5";"+0.47";"KAZANÇ (WIN)"
"MT5-1981057162";"NZDUSD";"NZDUSD";"SELL";"0.05";"0.55932";"0.55924";"2026-10-02 03:36:51 UTC";"🛑 Zarar Durdur (SL)";"+0.8";"+0.40";"KAZANÇ (WIN)"
"MT5-1981074870";"GBPUSD";"GBPUSD";"SELL";"0.05";"1.31903";"1.31906";"2026-10-02 03:36:06 UTC";"Scalper Close";"-0.3";"-0.15";"KAYIP (LOSS)"
"MT5-1981056921";"GBPUSD";"GBPUSD";"SELL";"0.05";"1.31913";"1.31905";"2026-10-02 03:36:02 UTC";"🛑 Zarar Durdur (SL)";"+0.8";"+0.40";"KAZANÇ (WIN)"
"MT5-1981075610";"BTCUSD";"BTCUSD";"BUY";"0.02";"84754.48";"84691.06";"2026-10-02 03:30:46 UTC";"🛑 Zarar Durdur (SL)";"-63.4";"-1.27";"KAYIP (LOSS)"
"MT5-1981057191";"USDCHF";"USDCHF";"SELL";"0.05";"0.83113";"0.83106";"2026-10-02 03:30:11 UTC";"🛑 Zarar Durdur (SL)";"+0.7";"+0.42";"KAZANÇ (WIN)"
"MT5-1981064067";"USDCHF";"USDCHF";"SELL";"0.05";"0.83109";"0.83101";"2026-10-02 03:30:03 UTC";"🛑 Zarar Durdur (SL)";"+0.8";"+0.48";"KAZANÇ (WIN)"
"MT5-1981055897";"NAS100";"NAS100";"BUY";"0.2";"30633";"30603.2";"2026-10-02 03:26:40 UTC";"🛑 Zarar Durdur (SL)";"-29.8";"-5.96";"KAYIP (LOSS)"
"MT5-1981055859";"BTCUSD";"BTCUSD";"BUY";"0.02";"84846.14";"84774.97";"2026-10-02 03:26:40 UTC";"🛑 Zarar Durdur (SL)";"-71.2";"-1.42";"KAYIP (LOSS)"
"MT5-1981055038";"USDCHF";"USDCHF";"SELL";"0.05";"0.8311";"0.83113";"2026-10-02 03:21:45 UTC";"Scalper Close";"-0.3";"-0.18";"KAYIP (LOSS)"
"MT5-1981055021";"NZDUSD";"NZDUSD";"SELL";"0.05";"0.55942";"0.55933";"2026-10-02 03:21:44 UTC";"Scalper Close";"+0.9";"+0.45";"KAZANÇ (WIN)"
"MT5-1981054943";"AUDUSD";"AUDUSD";"SELL";"0.05";"0.69219";"0.69215";"2026-10-02 03:21:41 UTC";"Scalper Close";"+0.4";"+0.20";"KAZANÇ (WIN)"
"MT5-1981054784";"GBPUSD";"GBPUSD";"SELL";"0.05";"1.31918";"1.31916";"2026-10-02 03:21:38 UTC";"Scalper Close";"+0.2";"+0.10";"KAZANÇ (WIN)"
"MT5-1981054389";"US30";"US30";"BUY";"0.2";"50967";"50961.3";"2026-10-02 03:21:21 UTC";"Scalper Close";"-5.7";"-1.14";"KAYIP (LOSS)"
"MT5-1981054300";"NAS100";"NAS100";"BUY";"0.2";"30619.9";"30633";"2026-10-02 03:21:17 UTC";"Scalper Close";"+13.1";"+2.62";"KAZANÇ (WIN)"
"MT5-1981049286";"BTCUSD";"BTCUSD";"BUY";"0.02";"84840.75";"84848.98";"2026-10-02 03:21:09 UTC";"🛑 Zarar Durdur (SL)";"+8.2";"+0.16";"KAZANÇ (WIN)"
"MT5-1981052887";"USDCAD";"USDCAD";"SELL";"0.05";"1.42232";"1.42235";"2026-10-02 03:20:46 UTC";"Scalper Close";"-0.3";"-0.11";"KAYIP (LOSS)"
"MT5-1981050205";"USDJPY";"USDJPY";"SELL";"0.05";"157.923";"158.046";"2026-10-02 03:20:45 UTC";"🛑 Zarar Durdur (SL)";"-12.3";"-3.89";"KAYIP (LOSS)"
"MT5-1981052845";"USDCHF";"USDCHF";"SELL";"0.05";"0.83102";"0.83111";"2026-10-02 03:20:44 UTC";"Scalper Close";"-0.9";"-0.54";"KAYIP (LOSS)"
"MT5-1981052827";"NZDUSD";"NZDUSD";"SELL";"0.05";"0.55949";"0.55943";"2026-10-02 03:20:43 UTC";"Scalper Close";"+0.6";"+0.30";"KAZANÇ (WIN)"
"MT5-1981052711";"AUDUSD";"AUDUSD";"SELL";"0.05";"0.69228";"0.69221";"2026-10-02 03:20:40 UTC";"Scalper Close";"+0.7";"+0.35";"KAZANÇ (WIN)"
"MT5-1981052662";"GBPUSD";"GBPUSD";"SELL";"0.05";"1.3192300000000001";"1.3192";"2026-10-02 03:20:37 UTC";"Scalper Close";"+0.3";"+0.15";"KAZANÇ (WIN)"
"MT5-1981052195";"US30";"US30";"BUY";"0.2";"50968.5";"50969.8";"2026-10-02 03:19:57 UTC";"🛑 Zarar Durdur (SL)";"+1.3";"+0.26";"KAZANÇ (WIN)"
"MT5-1981051220";"USDCAD";"USDCAD";"SELL";"0.05";"1.4223";"1.42233";"2026-10-02 03:19:46 UTC";"Scalper Close";"-0.3";"-0.11";"KAYIP (LOSS)"
"MT5-1981051204";"USDCHF";"USDCHF";"SELL";"0.05";"0.8309";"0.83102";"2026-10-02 03:19:44 UTC";"Scalper Close";"-1.2";"-0.72";"KAYIP (LOSS)"
"MT5-1981051190";"NZDUSD";"NZDUSD";"SELL";"0.05";"0.5596";"0.55949";"2026-10-02 03:19:42 UTC";"Scalper Close";"+1.1";"+0.55";"KAZANÇ (WIN)"
"MT5-1981051159";"AUDUSD";"AUDUSD";"SELL";"0.05";"0.69235";"0.69226";"2026-10-02 03:19:39 UTC";"Scalper Close";"+0.9";"+0.45";"KAZANÇ (WIN)"
"MT5-1981051153";"GBPUSD";"GBPUSD";"SELL";"0.05";"1.31936";"1.31924";"2026-10-02 03:19:36 UTC";"Scalper Close";"+1.2";"+0.60";"KAZANÇ (WIN)"
"MT5-1981052173";"NAS100";"NAS100";"BUY";"0.2";"30615.3";"30615.7";"2026-10-02 03:19:29 UTC";"🛑 Zarar Durdur (SL)";"+0.4";"+0.08";"KAZANÇ (WIN)"
"MT5-1981050942";"US30";"US30";"BUY";"0.2";"50960";"50967.3";"2026-10-02 03:19:18 UTC";"Scalper Close";"+7.3";"+1.46";"KAZANÇ (WIN)"
"MT5-1981050935";"NAS100";"NAS100";"BUY";"0.2";"30594.9";"30615.3";"2026-10-02 03:19:17 UTC";"Scalper Close";"+20.4";"+4.08";"KAZANÇ (WIN)"
"MT5-1981050289";"USDCAD";"USDCAD";"SELL";"0.05";"1.4223";"1.42232";"2026-10-02 03:18:44 UTC";"Scalper Close";"-0.2";"-0.07";"KAYIP (LOSS)"
"MT5-1981050251";"USDCHF";"USDCHF";"SELL";"0.05";"0.83091";"0.8309";"2026-10-02 03:18:41 UTC";"Scalper Close";"+0.1";"+0.06";"KAZANÇ (WIN)"
"MT5-1981050246";"NZDUSD";"NZDUSD";"SELL";"0.05";"0.55961";"0.55961";"2026-10-02 03:18:40 UTC";"Scalper Close";"+0";"+0.00";"KAZANÇ (WIN)"
"MT5-1981050211";"AUDUSD";"AUDUSD";"SELL";"0.05";"0.69237";"0.69236";"2026-10-02 03:18:38 UTC";"Scalper Close";"+0.1";"+0.05";"KAZANÇ (WIN)"
"MT5-1981050099";"GBPUSD";"GBPUSD";"SELL";"0.05";"1.31933";"1.31937";"2026-10-02 03:18:37 UTC";"Scalper Close";"-0.4";"-0.20";"KAYIP (LOSS)"
"MT5-1981048884";"NAS100";"NAS100";"BUY";"0.2";"30590.9";"30592.4";"2026-10-02 03:18:13 UTC";"🛑 Zarar Durdur (SL)";"+1.5";"+0.30";"KAZANÇ (WIN)"
"MT5-1981048947";"US30";"US30";"BUY";"0.2";"50956.5";"50958.8";"2026-10-02 03:18:13 UTC";"🛑 Zarar Durdur (SL)";"+2.3";"+0.46";"KAZANÇ (WIN)"
"MT5-1981047429";"USDCAD";"USDCAD";"SELL";"0.05";"1.42239";"1.42232";"2026-10-02 03:17:44 UTC";"Scalper Close";"+0.7";"+0.25";"KAZANÇ (WIN)"
"MT5-1981047402";"USDCHF";"USDCHF";"SELL";"0.05";"0.8309";"0.83092";"2026-10-02 03:17:41 UTC";"Scalper Close";"-0.2";"-0.12";"KAYIP (LOSS)"
"MT5-1981047297";"NZDUSD";"NZDUSD";"SELL";"0.05";"0.55957";"0.55962";"2026-10-02 03:17:40 UTC";"Scalper Close";"-0.5";"-0.25";"KAYIP (LOSS)"
"MT5-1981047173";"AUDUSD";"AUDUSD";"SELL";"0.05";"0.69248";"0.69239";"2026-10-02 03:17:37 UTC";"Scalper Close";"+0.9";"+0.45";"KAZANÇ (WIN)"
"MT5-1981047384";"USDJPY";"USDJPY";"SELL";"0.05";"157.893";"157.925";"2026-10-02 03:17:37 UTC";"Scalper Close";"-3.2";"-1.01";"KAYIP (LOSS)"
"MT5-1981047279";"GBPUSD";"GBPUSD";"SELL";"0.05";"1.31924";"1.31935";"2026-10-02 03:17:34 UTC";"Scalper Close";"-1.1";"-0.55";"KAYIP (LOSS)"
"MT5-1980919324";"EURUSD";"EURUSD";"SELL";"0.05";"1.12435";"1.12425";"2026-10-02 03:17:30 UTC";"🛑 Zarar Durdur (SL)";"+1";"+0.50";"KAZANÇ (WIN)"
"MT5-1981046798";"BTCUSD";"BTCUSD";"BUY";"0.02";"84914.14";"84853.36";"2026-10-02 03:16:31 UTC";"🛑 Zarar Durdur (SL)";"-60.8";"-1.22";"KAYIP (LOSS)"
"MT5-1981045310";"USDCAD";"USDCAD";"SELL";"0.05";"1.42241";"1.4224";"2026-10-02 03:16:23 UTC";"Scalper Close";"+0.1";"+0.04";"KAZANÇ (WIN)"
"MT5-1981045268";"USDCHF";"USDCHF";"SELL";"0.05";"0.831";"0.83091";"2026-10-02 03:16:20 UTC";"Scalper Close";"+0.9";"+0.54";"KAZANÇ (WIN)"
"MT5-1981044809";"USDJPY";"USDJPY";"SELL";"0.05";"157.885";"157.894";"2026-10-02 03:16:19 UTC";"Scalper Close";"-0.9";"-0.29";"KAYIP (LOSS)"
"MT5-1981045248";"NZDUSD";"NZDUSD";"SELL";"0.05";"0.55941";"0.55961";"2026-10-02 03:16:16 UTC";"Scalper Close";"-2";"-1.00";"KAYIP (LOSS)"
"MT5-1981045173";"GBPUSD";"GBPUSD";"SELL";"0.05";"1.31913";"1.3192599999999999";"2026-10-02 03:16:16 UTC";"Scalper Close";"-1.3";"-0.65";"KAYIP (LOSS)"
"MT5-1981045117";"AUDUSD";"AUDUSD";"SELL";"0.05";"0.69233";"0.69249";"2026-10-02 03:16:13 UTC";"Scalper Close";"-1.6";"-0.80";"KAYIP (LOSS)"
"MT5-1981026927";"BTCUSD";"BTCUSD";"BUY";"0.02";"84775.65";"84915.16";"2026-10-02 03:15:55 UTC";"🎯 Kâr Al (TP)";"+139.5";"+2.79";"KAZANÇ (WIN)"
"MT5-1981041760";"USDCAD";"USDCAD";"SELL";"0.05";"1.42238";"1.42243";"2026-10-02 03:15:20 UTC";"Scalper Close";"-0.5";"-0.18";"KAYIP (LOSS)"
"MT5-1981041710";"USDCHF";"USDCHF";"SELL";"0.05";"0.83096";"0.83101";"2026-10-02 03:15:17 UTC";"Scalper Close";"-0.5";"-0.30";"KAYIP (LOSS)"
"MT5-1981041684";"NZDUSD";"NZDUSD";"SELL";"0.05";"0.55949";"0.55947";"2026-10-02 03:15:16 UTC";"Scalper Close";"+0.2";"+0.10";"KAZANÇ (WIN)"
"MT5-1981041664";"GBPUSD";"GBPUSD";"SELL";"0.05";"1.31914";"1.31915";"2026-10-02 03:15:13 UTC";"Scalper Close";"-0.1";"-0.05";"KAYIP (LOSS)"
"MT5-1981041559";"AUDUSD";"AUDUSD";"SELL";"0.05";"0.69244";"0.69234";"2026-10-02 03:15:13 UTC";"Scalper Close";"+1";"+0.50";"KAZANÇ (WIN)"
"MT5-1981041374";"USDJPY";"USDJPY";"SELL";"0.05";"157.863";"157.887";"2026-10-02 03:15:10 UTC";"Scalper Close";"-2.4";"-0.76";"KAYIP (LOSS)"
"MT5-1981037928";"USDCAD";"USDCAD";"SELL";"0.05";"1.42238";"1.4224";"2026-10-02 03:14:18 UTC";"Scalper Close";"-0.2";"-0.07";"KAYIP (LOSS)"
"MT5-1981037911";"USDCHF";"USDCHF";"SELL";"0.05";"0.83089";"0.83097";"2026-10-02 03:14:17 UTC";"Scalper Close";"-0.8";"-0.48";"KAYIP (LOSS)"
"MT5-1981037815";"NZDUSD";"NZDUSD";"SELL";"0.05";"0.55943";"0.5595";"2026-10-02 03:14:15 UTC";"Scalper Close";"-0.7";"-0.35";"KAYIP (LOSS)"
"MT5-1981039395";"GBPUSD";"GBPUSD";"SELL";"0.05";"1.31922";"1.31916";"2026-10-02 03:14:14 UTC";"Scalper Close";"+0.6";"+0.30";"KAZANÇ (WIN)"
"MT5-1981037789";"USDJPY";"USDJPY";"SELL";"0.05";"157.805";"157.853";"2026-10-02 03:14:09 UTC";"Scalper Close";"-4.8";"-1.52";"KAYIP (LOSS)"
"MT5-1981033623";"GBPUSD";"GBPUSD";"SELL";"0.05";"1.3192300000000001";"1.3192300000000001";"2026-10-02 03:13:12 UTC";"Scalper Close";"+0";"+0.00";"KAZANÇ (WIN)"
"MT5-1980925871";"USDCAD";"USDCAD";"SELL";"0.05";"1.42237";"1.4224";"2026-10-02 03:12:57 UTC";"Scalper Close";"-0.3";"-0.11";"KAYIP (LOSS)"
"MT5-1981028019";"USDCHF";"USDCHF";"SELL";"0.05";"0.83068";"0.8309";"2026-10-02 03:12:56 UTC";"Scalper Close";"-2.2";"-1.32";"KAYIP (LOSS)"
"MT5-1981028376";"NZDUSD";"NZDUSD";"SELL";"0.05";"0.5595";"0.55946";"2026-10-02 03:12:53 UTC";"Scalper Close";"+0.4";"+0.20";"KAZANÇ (WIN)"
"MT5-1981032097";"GBPUSD";"GBPUSD";"SELL";"0.05";"1.31933";"1.31925";"2026-10-02 03:12:08 UTC";"Scalper Close";"+0.8";"+0.40";"KAZANÇ (WIN)"
"MT5-1981028332";"GBPUSD";"GBPUSD";"SELL";"0.05";"1.31943";"1.31934";"2026-10-02 03:11:07 UTC";"Scalper Close";"+0.9";"+0.45";"KAZANÇ (WIN)"
"MT5-1981026974";"NZDUSD";"NZDUSD";"SELL";"0.05";"0.55961";"0.55952";"2026-10-02 03:09:10 UTC";"Scalper Close";"+0.9";"+0.45";"KAZANÇ (WIN)"
"MT5-1981026842";"GBPUSD";"GBPUSD";"SELL";"0.05";"1.31938";"1.31944";"2026-10-02 03:09:07 UTC";"Scalper Close";"-0.6";"-0.30";"KAYIP (LOSS)"
"MT5-1980935215";"USDCHF";"USDCHF";"SELL";"0.05";"0.83108";"0.83069";"2026-10-02 03:08:56 UTC";"Scalper Close";"+3.9";"+2.35";"KAZANÇ (WIN)"
"MT5-1980918368";"NZDUSD";"NZDUSD";"SELL";"0.05";"0.56021";"0.55961";"2026-10-02 03:08:09 UTC";"Scalper Close";"+6";"+3.00";"KAZANÇ (WIN)"
"MT5-1980918356";"GBPUSD";"GBPUSD";"SELL";"0.05";"1.31944";"1.31942";"2026-10-02 03:08:04 UTC";"Scalper Close";"+0.2";"+0.10";"KAZANÇ (WIN)"
"MT5-1980994699";"BTCUSD";"BTCUSD";"BUY";"0.02";"84816.13";"84751.61";"2026-10-02 03:03:39 UTC";"🛑 Zarar Durdur (SL)";"-64.5";"-1.29";"KAYIP (LOSS)"
"MT5-1980985695";"BTCUSD";"BTCUSD";"BUY";"0.02";"84790.33";"84772.45";"2026-10-02 02:51:00 UTC";"🛑 Zarar Durdur (SL)";"-17.9";"-0.36";"KAYIP (LOSS)"
"MT5-1980978296";"BTCUSD";"BTCUSD";"BUY";"0.02";"84781.14";"84802.87";"2026-10-02 02:45:00 UTC";"🛑 Zarar Durdur (SL)";"+21.7";"+0.43";"KAZANÇ (WIN)"
"MT5-1980975495";"BTCUSD";"BTCUSD";"BUY";"0.02";"84768.13";"84778.4";"2026-10-02 02:40:01 UTC";"🛑 Zarar Durdur (SL)";"+10.3";"+0.21";"KAZANÇ (WIN)"
"MT5-1980971654";"BTCUSD";"BTCUSD";"BUY";"0.02";"84769.11";"84784.66";"2026-10-02 02:36:59 UTC";"🛑 Zarar Durdur (SL)";"+15.6";"+0.31";"KAZANÇ (WIN)"
"MT5-1980965198";"BTCUSD";"BTCUSD";"BUY";"0.02";"84705.17";"84755.57";"2026-10-02 02:34:23 UTC";"🛑 Zarar Durdur (SL)";"+50.4";"+1.01";"KAZANÇ (WIN)"
"MT5-1980918390";"NAS100";"NAS100";"BUY";"0.2";"30530.3";"30549.5";"2026-10-02 02:31:19 UTC";"🛑 Zarar Durdur (SL)";"+19.2";"+3.84";"KAZANÇ (WIN)"
"MT5-1980918405";"US30";"US30";"BUY";"0.2";"50922.5";"50950.8";"2026-10-02 02:31:01 UTC";"🛑 Zarar Durdur (SL)";"+28.3";"+5.66";"KAZANÇ (WIN)"
"MT5-1980935302";"USDJPY";"USDJPY";"BUY";"0.05";"158.03";"157.915";"2026-10-02 02:30:05 UTC";"🛑 Zarar Durdur (SL)";"-11.5";"-3.64";"KAYIP (LOSS)"
"MT5-1980958107";"BTCUSD";"BTCUSD";"BUY";"0.02";"84707.01";"84712.58";"2026-10-02 02:29:15 UTC";"🛑 Zarar Durdur (SL)";"+5.6";"+0.11";"KAZANÇ (WIN)"
"MT5-1980942837";"BTCUSD";"BTCUSD";"BUY";"0.02";"84664.74";"84713.02";"2026-10-02 02:20:05 UTC";"🛑 Zarar Durdur (SL)";"+48.3";"+0.97";"KAZANÇ (WIN)"
"MT5-1980936336";"BTCUSD";"BTCUSD";"BUY";"0.02";"84667.61";"84673.15";"2026-10-02 02:05:29 UTC";"🛑 Zarar Durdur (SL)";"+5.5";"+0.11";"KAZANÇ (WIN)"
"MT5-1980927824";"BTCUSD";"BTCUSD";"BUY";"0.02";"84701.19";"84643.59";"2026-10-02 02:01:02 UTC";"🛑 Zarar Durdur (SL)";"-57.6";"-1.15";"KAYIP (LOSS)"
"MT5-1980918387";"BTCUSD";"BTCUSD";"BUY";"0.02";"84637.63";"84688.44";"2026-10-02 01:57:10 UTC";"🛑 Zarar Durdur (SL)";"+50.8";"+1.02";"KAZANÇ (WIN)"
"MT5-1980889203";"NZDUSD";"NZDUSD";"SELL";"0.05";"0.56012";"0.56021";"2026-10-02 01:45:03 UTC";"Scalper Close";"-0.9";"-0.45";"KAYIP (LOSS)"
"MT5-1980889142";"EURUSD";"EURUSD";"SELL";"0.05";"1.12418";"1.12433";"2026-10-02 01:45:02 UTC";"Scalper Close";"-1.5";"-0.75";"KAYIP (LOSS)"
"MT5-1980885513";"GBPUSD";"GBPUSD";"SELL";"0.05";"1.31954";"1.31945";"2026-10-02 01:45:02 UTC";"Scalper Close";"+0.9";"+0.45";"KAZANÇ (WIN)"
"MT5-1980773582";"XAGUSD";"XAGUSD";"BUY";"0.05";"61.028";"60.96";"2026-10-02 01:45:01 UTC";"Scalper Close";"-6.8";"-3.40";"KAYIP (LOSS)"
"MT5-1980756674";"USDJPY";"USDJPY";"BUY";"0.05";"158.057";"158.052";"2026-10-02 01:45:01 UTC";"Scalper Close";"-0.5";"-0.16";"KAYIP (LOSS)"
"MT5-1980756669";"USDCAD";"USDCAD";"SELL";"0.05";"1.42295";"1.42242";"2026-10-02 01:45:00 UTC";"Scalper Close";"+5.3";"+1.86";"KAZANÇ (WIN)"
"MT5-1980910047";"USOIL";"USOIL";"BUY";"1";"95.25";"95.25";"2026-10-02 01:44:32 UTC";"Scalper Close";"+0";"+0.00";"KAZANÇ (WIN)"
"MT5-1980885546";"USOIL";"USOIL";"BUY";"1";"95.36";"95.23";"2026-10-02 01:34:38 UTC";"IC Markets MT5";"-13";"-13.00";"KAYIP (LOSS)"
"MT5-1980799270";"USDCHF";"USDCHF";"SELL";"0.05";"0.83048";"0.83188";"2026-10-02 00:20:00 UTC";"🛑 Zarar Durdur (SL)";"-14";"-8.41";"KAYIP (LOSS)"
"MT5-1980658831";"USDJPY";"USDJPY";"BUY";"0.05";"158.14";"158.055";"2026-10-01 22:15:10 UTC";"IC Markets MT5";"-8.5";"-2.69";"KAYIP (LOSS)"
"MT5-1980647197";"NZDUSD";"NZDUSD";"SELL";"0.04";"0.55986";"0.56048";"2026-10-01 22:15:10 UTC";"IC Markets MT5";"-6.2";"-2.48";"KAYIP (LOSS)"
"MT5-1980647170";"EURUSD";"EURUSD";"SELL";"0.04";"1.12291";"1.124";"2026-10-01 22:15:10 UTC";"IC Markets MT5";"-10.9";"-4.36";"KAYIP (LOSS)"
"MT5-1980644291";"GBPUSD";"GBPUSD";"SELL";"0.04";"1.3186200000000001";"1.31949";"2026-10-01 22:15:10 UTC";"IC Markets MT5";"-8.7";"-3.48";"KAYIP (LOSS)"
"MT5-1980644226";"USDCAD";"USDCAD";"SELL";"0.04";"1.4239899999999999";"1.42316";"2026-10-01 22:15:10 UTC";"IC Markets MT5";"+8.3";"+2.33";"KAZANÇ (WIN)"
"MT5-1980647113";"USDJPY";"USDJPY";"BUY";"0.05";"158.24";"158.111";"2026-10-01 21:34:56 UTC";"🛑 Zarar Durdur (SL)";"-12.9";"-4.08";"KAYIP (LOSS)"
"MT5-1980570870";"AUDUSD";"AUDUSD";"SELL";"0.04";"0.69132";"0.69217";"2026-10-01 21:29:22 UTC";"Scalper Close";"-8.5";"-3.40";"KAYIP (LOSS)"
"MT5-1980514325";"EURUSD";"EURUSD";"SELL";"0.04";"1.12282";"1.12307";"2026-10-01 21:29:22 UTC";"Scalper Close";"-2.5";"-1.00";"KAYIP (LOSS)"
"MT5-1980509434";"GBPUSD";"GBPUSD";"SELL";"0.04";"1.31945";"1.31877";"2026-10-01 21:29:21 UTC";"Scalper Close";"+6.8";"+2.72";"KAZANÇ (WIN)"
"MT5-1980436353";"USDCAD";"USDCAD";"SELL";"0.04";"1.4237199999999999";"1.42395";"2026-10-01 21:29:21 UTC";"Scalper Close";"-2.3";"-0.65";"KAYIP (LOSS)"
"MT5-1980436293";"USDCAD";"USDCAD";"SELL";"0.04";"1.42371";"1.42395";"2026-10-01 21:29:20 UTC";"Scalper Close";"-2.4";"-0.67";"KAYIP (LOSS)"
"MT5-1980252580";"NZDUSD";"NZDUSD";"SELL";"0.05";"0.56025";"0.56006";"2026-10-01 21:29:20 UTC";"Scalper Close";"+1.9";"+0.95";"KAZANÇ (WIN)"
"MT5-1980308574";"USDCHF";"USDCHF";"SELL";"0.04";"0.83132";"0.83253";"2026-10-01 20:54:55 UTC";"🛑 Zarar Durdur (SL)";"-12.1";"-5.81";"KAYIP (LOSS)"
"MT5-1980432035";"USDJPY";"USDJPY";"SELL";"0.05";"157.642";"157.758";"2026-10-01 20:35:43 UTC";"🛑 Zarar Durdur (SL)";"-11.6";"-3.68";"KAYIP (LOSS)"
"MT5-1980426945";"GBPUSD";"GBPUSD";"SELL";"0.04";"1.3195000000000001";"1.32073";"2026-10-01 20:30:39 UTC";"🛑 Zarar Durdur (SL)";"-12.3";"-4.92";"KAYIP (LOSS)"
"MT5-1980424738";"EURUSD";"EURUSD";"SELL";"0.04";"1.1227";"1.12389";"2026-10-01 20:30:31 UTC";"🛑 Zarar Durdur (SL)";"-11.9";"-4.76";"KAYIP (LOSS)"
"MT5-1980252729";"AUDUSD";"AUDUSD";"SELL";"0.05";"0.69152";"0.69273";"2026-10-01 20:30:05 UTC";"🛑 Zarar Durdur (SL)";"-12.1";"-6.05";"KAYIP (LOSS)"
"MT5-1980286866";"USDCAD";"USDCAD";"BUY";"0.05";"1.42459";"1.42371";"2026-10-01 20:28:31 UTC";"Scalper Close";"-8.8";"-3.09";"KAYIP (LOSS)"
"MT5-1980252371";"GBPUSD";"GBPUSD";"SELL";"0.05";"1.31959";"1.31954";"2026-10-01 20:24:12 UTC";"🛑 Zarar Durdur (SL)";"+0.5";"+0.25";"KAZANÇ (WIN)"
"MT5-1980408855";"EURUSD";"EURUSD";"SELL";"0.05";"1.12151";"1.12271";"2026-10-01 20:23:10 UTC";"🛑 Zarar Durdur (SL)";"-12";"-6.00";"KAYIP (LOSS)"
"MT5-1980252712";"EURUSD";"EURUSD";"SELL";"0.05";"1.12377";"1.12155";"2026-10-01 20:18:03 UTC";"🎯 Kâr Al (TP)";"+22.2";"+11.10";"KAZANÇ (WIN)"